feature_no,实装符号,功能名,用途,来源,模块,关联用例
1,lang:kotlin,Kotlin（kotlin）·语法高亮与查看器着色,查看器打开 kotlin 源码文件按 Kotlin 语法着色、识别注释与字符串,LangRegistry 项,language,
2,lang:java,Java（java）·语法高亮与查看器着色,查看器打开 java 源码文件按 Java 语法着色、识别注释与字符串,LangRegistry 项,language,
3,lang:python,Python（python）·语法高亮与查看器着色,查看器打开 python 源码文件按 Python 语法着色、识别注释与字符串,LangRegistry 项,language,
4,lang:rust,Rust（rust）·语法高亮与查看器着色,查看器打开 rust 源码文件按 Rust 语法着色、识别注释与字符串,LangRegistry 项,language,
5,lang:go,Go（go）·语法高亮与查看器着色,查看器打开 go 源码文件按 Go 语法着色、识别注释与字符串,LangRegistry 项,language,
6,lang:c,C（c）·语法高亮与查看器着色,查看器打开 c 源码文件按 C 语法着色、识别注释与字符串,LangRegistry 项,language,
7,lang:cpp,C++（cpp）·语法高亮与查看器着色,查看器打开 cpp 源码文件按 C++ 语法着色、识别注释与字符串,LangRegistry 项,language,
8,lang:csharp,C#（csharp）·语法高亮与查看器着色,查看器打开 csharp 源码文件按 C# 语法着色、识别注释与字符串,LangRegistry 项,language,
9,lang:javascript,JavaScript（javascript）·语法高亮与查看器着色,查看器打开 javascript 源码文件按 JavaScript 语法着色、识别注释与字符串,LangRegistry 项,language,
10,lang:typescript,TypeScript（typescript）·语法高亮与查看器着色,查看器打开 typescript 源码文件按 TypeScript 语法着色、识别注释与字符串,LangRegistry 项,language,
11,lang:swift,Swift（swift）·语法高亮与查看器着色,查看器打开 swift 源码文件按 Swift 语法着色、识别注释与字符串,LangRegistry 项,language,
12,lang:dart,Dart（dart）·语法高亮与查看器着色,查看器打开 dart 源码文件按 Dart 语法着色、识别注释与字符串,LangRegistry 项,language,
13,lang:ruby,Ruby（ruby）·语法高亮与查看器着色,查看器打开 ruby 源码文件按 Ruby 语法着色、识别注释与字符串,LangRegistry 项,language,
14,lang:php,PHP（php）·语法高亮与查看器着色,查看器打开 php 源码文件按 PHP 语法着色、识别注释与字符串,LangRegistry 项,language,
15,lang:shell,Shell（shell）·语法高亮与查看器着色,查看器打开 shell 源码文件按 Shell 语法着色、识别注释与字符串,LangRegistry 项,language,
16,lang:sql,SQL（sql）·语法高亮与查看器着色,查看器打开 sql 源码文件按 SQL 语法着色、识别注释与字符串,LangRegistry 项,language,
17,lang:scala,Scala（scala）·语法高亮与查看器着色,查看器打开 scala 源码文件按 Scala 语法着色、识别注释与字符串,LangRegistry 项,language,
18,lang:lua,Lua（lua）·语法高亮与查看器着色,查看器打开 lua 源码文件按 Lua 语法着色、识别注释与字符串,LangRegistry 项,language,
19,lang:r,R（r）·语法高亮与查看器着色,查看器打开 r 源码文件按 R 语法着色、识别注释与字符串,LangRegistry 项,language,
20,lang:yaml,YAML（yaml）·语法高亮与查看器着色,查看器打开 yaml 源码文件按 YAML 语法着色、识别注释与字符串,LangRegistry 项,language,
21,lang:toml,TOML（toml）·语法高亮与查看器着色,查看器打开 toml 源码文件按 TOML 语法着色、识别注释与字符串,LangRegistry 项,language,
22,lang:ini,INI/配置（ini）·语法高亮与查看器着色,查看器打开 ini 源码文件按 INI/配置 语法着色、识别注释与字符串,LangRegistry 项,language,
23,lang:json,JSON（json）·语法高亮与查看器着色,查看器打开 json 源码文件按 JSON 语法着色、识别注释与字符串,LangRegistry 项,language,
24,lang:jupyter,Jupyter 笔记本（jupyter）·语法高亮与查看器着色,查看器打开 jupyter 源码文件按 Jupyter 笔记本 语法着色、识别注释与字符串,LangRegistry 项,language,
25,lang:xml,XML（xml）·语法高亮与查看器着色,查看器打开 xml 源码文件按 XML 语法着色、识别注释与字符串,LangRegistry 项,language,
26,lang:html,HTML（html）·语法高亮与查看器着色,查看器打开 html 源码文件按 HTML 语法着色、识别注释与字符串,LangRegistry 项,language,
27,lang:css,CSS（css）·语法高亮与查看器着色,查看器打开 css 源码文件按 CSS 语法着色、识别注释与字符串,LangRegistry 项,language,
28,lang:scss,SCSS/Sass（scss）·语法高亮与查看器着色,查看器打开 scss 源码文件按 SCSS/Sass 语法着色、识别注释与字符串,LangRegistry 项,language,
29,lang:less,Less（less）·语法高亮与查看器着色,查看器打开 less 源码文件按 Less 语法着色、识别注释与字符串,LangRegistry 项,language,
30,lang:markdown,Markdown（markdown）·语法高亮与查看器着色,查看器打开 markdown 源码文件按 Markdown 语法着色、识别注释与字符串,LangRegistry 项,language,
31,lang:tex,TeX/LaTeX（tex）·语法高亮与查看器着色,查看器打开 tex 源码文件按 TeX/LaTeX 语法着色、识别注释与字符串,LangRegistry 项,language,
32,lang:diff,Diff/Patch（diff）·语法高亮与查看器着色,查看器打开 diff 源码文件按 Diff/Patch 语法着色、识别注释与字符串,LangRegistry 项,language,
33,lang:log,日志（log）·语法高亮与查看器着色,查看器打开 log 源码文件按 日志 语法着色、识别注释与字符串,LangRegistry 项,language,
34,lang:csv,CSV/TSV（csv）·语法高亮与查看器着色,查看器打开 csv 源码文件按 CSV/TSV 语法着色、识别注释与字符串,LangRegistry 项,language,
35,lang:properties,Properties（properties）·语法高亮与查看器着色,查看器打开 properties 源码文件按 Properties 语法着色、识别注释与字符串,LangRegistry 项,language,
36,lang:dockerfile,Dockerfile（dockerfile）·语法高亮与查看器着色,查看器打开 dockerfile 源码文件按 Dockerfile 语法着色、识别注释与字符串,LangRegistry 项,language,
37,lang:makefile,Makefile（makefile）·语法高亮与查看器着色,查看器打开 makefile 源码文件按 Makefile 语法着色、识别注释与字符串,LangRegistry 项,language,
38,lang:cmake,CMake（cmake）·语法高亮与查看器着色,查看器打开 cmake 源码文件按 CMake 语法着色、识别注释与字符串,LangRegistry 项,language,
39,lang:gradle,Gradle（gradle）·语法高亮与查看器着色,查看器打开 gradle 源码文件按 Gradle 语法着色、识别注释与字符串,LangRegistry 项,language,
40,lang:bazel,Bazel/Starlark（bazel）·语法高亮与查看器着色,查看器打开 bazel 源码文件按 Bazel/Starlark 语法着色、识别注释与字符串,LangRegistry 项,language,
41,lang:terraform,Terraform/HCL（terraform）·语法高亮与查看器着色,查看器打开 terraform 源码文件按 Terraform/HCL 语法着色、识别注释与字符串,LangRegistry 项,language,
42,lang:groovy,Groovy/Jenkinsfile（groovy）·语法高亮与查看器着色,查看器打开 groovy 源码文件按 Groovy/Jenkinsfile 语法着色、识别注释与字符串,LangRegistry 项,language,
43,lang:objective,Objective-C（objective）·语法高亮与查看器着色,查看器打开 objective 源码文件按 Objective-C 语法着色、识别注释与字符串,LangRegistry 项,language,
44,lang:perl,Perl（perl）·语法高亮与查看器着色,查看器打开 perl 源码文件按 Perl 语法着色、识别注释与字符串,LangRegistry 项,language,
45,lang:haskell,Haskell（haskell）·语法高亮与查看器着色,查看器打开 haskell 源码文件按 Haskell 语法着色、识别注释与字符串,LangRegistry 项,language,
46,lang:elixir,Elixir（elixir）·语法高亮与查看器着色,查看器打开 elixir 源码文件按 Elixir 语法着色、识别注释与字符串,LangRegistry 项,language,
47,lang:erlang,Erlang（erlang）·语法高亮与查看器着色,查看器打开 erlang 源码文件按 Erlang 语法着色、识别注释与字符串,LangRegistry 项,language,
48,lang:ocaml,OCaml/Reason（ocaml）·语法高亮与查看器着色,查看器打开 ocaml 源码文件按 OCaml/Reason 语法着色、识别注释与字符串,LangRegistry 项,language,
49,lang:fsharp,F#（fsharp）·语法高亮与查看器着色,查看器打开 fsharp 源码文件按 F# 语法着色、识别注释与字符串,LangRegistry 项,language,
50,lang:clojure,Clojure（clojure）·语法高亮与查看器着色,查看器打开 clojure 源码文件按 Clojure 语法着色、识别注释与字符串,LangRegistry 项,language,
51,lang:lisp,Lisp/Scheme/Racket（lisp）·语法高亮与查看器着色,查看器打开 lisp 源码文件按 Lisp/Scheme/Racket 语法着色、识别注释与字符串,LangRegistry 项,language,
52,lang:zig,Zig（zig）·语法高亮与查看器着色,查看器打开 zig 源码文件按 Zig 语法着色、识别注释与字符串,LangRegistry 项,language,
53,lang:nim,Nim（nim）·语法高亮与查看器着色,查看器打开 nim 源码文件按 Nim 语法着色、识别注释与字符串,LangRegistry 项,language,
54,lang:crystal,Crystal（crystal）·语法高亮与查看器着色,查看器打开 crystal 源码文件按 Crystal 语法着色、识别注释与字符串,LangRegistry 项,language,
55,lang:julia,Julia（julia）·语法高亮与查看器着色,查看器打开 julia 源码文件按 Julia 语法着色、识别注释与字符串,LangRegistry 项,language,
56,lang:haxe,Haxe（haxe）·语法高亮与查看器着色,查看器打开 haxe 源码文件按 Haxe 语法着色、识别注释与字符串,LangRegistry 项,language,
57,lang:elm,Elm（elm）·语法高亮与查看器着色,查看器打开 elm 源码文件按 Elm 语法着色、识别注释与字符串,LangRegistry 项,language,
58,lang:purescript,PureScript（purescript）·语法高亮与查看器着色,查看器打开 purescript 源码文件按 PureScript 语法着色、识别注释与字符串,LangRegistry 项,language,
59,lang:fortran,Fortran（fortran）·语法高亮与查看器着色,查看器打开 fortran 源码文件按 Fortran 语法着色、识别注释与字符串,LangRegistry 项,language,
60,lang:cobol,COBOL（cobol）·语法高亮与查看器着色,查看器打开 cobol 源码文件按 COBOL 语法着色、识别注释与字符串,LangRegistry 项,language,
61,lang:pascal,Pascal/Delphi（pascal）·语法高亮与查看器着色,查看器打开 pascal 源码文件按 Pascal/Delphi 语法着色、识别注释与字符串,LangRegistry 项,language,
62,lang:ada,Ada（ada）·语法高亮与查看器着色,查看器打开 ada 源码文件按 Ada 语法着色、识别注释与字符串,LangRegistry 项,language,
63,lang:asm,汇编（asm）·语法高亮与查看器着色,查看器打开 asm 源码文件按 汇编 语法着色、识别注释与字符串,LangRegistry 项,language,
64,lang:verilog,Verilog/SystemVerilog（verilog）·语法高亮与查看器着色,查看器打开 verilog 源码文件按 Verilog/SystemVerilog 语法着色、识别注释与字符串,LangRegistry 项,language,
65,lang:vhdl,VHDL（vhdl）·语法高亮与查看器着色,查看器打开 vhdl 源码文件按 VHDL 语法着色、识别注释与字符串,LangRegistry 项,language,
66,lang:cuda,CUDA（cuda）·语法高亮与查看器着色,查看器打开 cuda 源码文件按 CUDA 语法着色、识别注释与字符串,LangRegistry 项,language,
67,lang:glsl,GLSL/着色器（glsl）·语法高亮与查看器着色,查看器打开 glsl 源码文件按 GLSL/着色器 语法着色、识别注释与字符串,LangRegistry 项,language,
68,lang:hlsl,HLSL（hlsl）·语法高亮与查看器着色,查看器打开 hlsl 源码文件按 HLSL 语法着色、识别注释与字符串,LangRegistry 项,language,
69,lang:metal,Metal（metal）·语法高亮与查看器着色,查看器打开 metal 源码文件按 Metal 语法着色、识别注释与字符串,LangRegistry 项,language,
70,lang:solidity,Solidity（solidity）·语法高亮与查看器着色,查看器打开 solidity 源码文件按 Solidity 语法着色、识别注释与字符串,LangRegistry 项,language,
71,lang:graphql,GraphQL（graphql）·语法高亮与查看器着色,查看器打开 graphql 源码文件按 GraphQL 语法着色、识别注释与字符串,LangRegistry 项,language,
72,lang:protobuf,Protobuf（protobuf）·语法高亮与查看器着色,查看器打开 protobuf 源码文件按 Protobuf 语法着色、识别注释与字符串,LangRegistry 项,language,
73,lang:thrift,Thrift（thrift）·语法高亮与查看器着色,查看器打开 thrift 源码文件按 Thrift 语法着色、识别注释与字符串,LangRegistry 项,language,
74,lang:vue,Vue 单文件（vue）·语法高亮与查看器着色,查看器打开 vue 源码文件按 Vue 单文件 语法着色、识别注释与字符串,LangRegistry 项,language,
75,lang:svelte,Svelte（svelte）·语法高亮与查看器着色,查看器打开 svelte 源码文件按 Svelte 语法着色、识别注释与字符串,LangRegistry 项,language,
76,lang:astro,Astro（astro）·语法高亮与查看器着色,查看器打开 astro 源码文件按 Astro 语法着色、识别注释与字符串,LangRegistry 项,language,
77,lang:jsx,JSX/模板（jsx）·语法高亮与查看器着色,查看器打开 jsx 源码文件按 JSX/模板 语法着色、识别注释与字符串,LangRegistry 项,language,
78,lang:twig,Twig 模板（twig）·语法高亮与查看器着色,查看器打开 twig 源码文件按 Twig 模板 语法着色、识别注释与字符串,LangRegistry 项,language,
79,lang:jinja,Jinja 模板（jinja）·语法高亮与查看器着色,查看器打开 jinja 源码文件按 Jinja 模板 语法着色、识别注释与字符串,LangRegistry 项,language,
80,lang:ejs,EJS 模板（ejs）·语法高亮与查看器着色,查看器打开 ejs 源码文件按 EJS 模板 语法着色、识别注释与字符串,LangRegistry 项,language,
81,lang:haml,Haml（haml）·语法高亮与查看器着色,查看器打开 haml 源码文件按 Haml 语法着色、识别注释与字符串,LangRegistry 项,language,
82,lang:slim,Slim（slim）·语法高亮与查看器着色,查看器打开 slim 源码文件按 Slim 语法着色、识别注释与字符串,LangRegistry 项,language,
83,lang:pug,Pug/Jade（pug）·语法高亮与查看器着色,查看器打开 pug 源码文件按 Pug/Jade 语法着色、识别注释与字符串,LangRegistry 项,language,
84,lang:jsp,JSP（jsp）·语法高亮与查看器着色,查看器打开 jsp 源码文件按 JSP 语法着色、识别注释与字符串,LangRegistry 项,language,
85,lang:razor,Razor（razor）·语法高亮与查看器着色,查看器打开 razor 源码文件按 Razor 语法着色、识别注释与字符串,LangRegistry 项,language,
86,lang:plantuml,PlantUML（plantuml）·语法高亮与查看器着色,查看器打开 plantuml 源码文件按 PlantUML 语法着色、识别注释与字符串,LangRegistry 项,language,
87,lang:mermaid,Mermaid 图（mermaid）·语法高亮与查看器着色,查看器打开 mermaid 源码文件按 Mermaid 图 语法着色、识别注释与字符串,LangRegistry 项,language,
88,lang:vim,Vim 脚本（vim）·语法高亮与查看器着色,查看器打开 vim 源码文件按 Vim 脚本 语法着色、识别注释与字符串,LangRegistry 项,language,
89,lang:powershell,PowerShell（powershell）·语法高亮与查看器着色,查看器打开 powershell 源码文件按 PowerShell 语法着色、识别注释与字符串,LangRegistry 项,language,
90,lang:batch,批处理（batch）·语法高亮与查看器着色,查看器打开 batch 源码文件按 批处理 语法着色、识别注释与字符串,LangRegistry 项,language,
91,lang:applescript,AppleScript（applescript）·语法高亮与查看器着色,查看器打开 applescript 源码文件按 AppleScript 语法着色、识别注释与字符串,LangRegistry 项,language,
92,lang:autohotkey,AutoHotkey（autohotkey）·语法高亮与查看器着色,查看器打开 autohotkey 源码文件按 AutoHotkey 语法着色、识别注释与字符串,LangRegistry 项,language,
93,lang:autoit,AutoIt（autoit）·语法高亮与查看器着色,查看器打开 autoit 源码文件按 AutoIt 语法着色、识别注释与字符串,LangRegistry 项,language,
94,lang:nix,Nix（nix）·语法高亮与查看器着色,查看器打开 nix 源码文件按 Nix 语法着色、识别注释与字符串,LangRegistry 项,language,
95,lang:proto3,Proto（proto3）·语法高亮与查看器着色,查看器打开 proto3 源码文件按 Proto 语法着色、识别注释与字符串,LangRegistry 项,language,
96,lang:ipynb,Jupyter 笔记本（ipynb）·语法高亮与查看器着色,查看器打开 ipynb 源码文件按 Jupyter 笔记本 语法着色、识别注释与字符串,LangRegistry 项,language,
97,lang:binary,二进制（binary）·语法高亮与查看器着色,查看器打开 binary 源码文件按 二进制 语法着色、识别注释与字符串,LangRegistry 项,language,
98,uma_health,uma_health·SO观测桥只读命令,探测本机 hlpatch SO 观测桥健康与版本（先调这个确认桥在不在）。,UmaTool 注册项,observe,
99,uma_status,uma_status·SO观测桥只读命令,读 hlpatch 初始化/状态快照。,UmaTool 注册项,observe,
100,uma_summary,uma_summary·SO观测桥只读命令,读当前育成对局状态摘要（含账号 id，可能数 MB）。,UmaTool 注册项,observe,
101,uma_event_choices,uma_event_choices·SO观测桥只读命令,读当前育成事件的选择肢快照。,UmaTool 注册项,observe,
102,uma_event_reward_targets,uma_event_reward_targets·SO观测桥只读命令,读事件奖励目标。,UmaTool 注册项,observe,
103,uma_ramen_transitions,uma_ramen_transitions·SO观测桥只读命令,读拉面杯转场记录（育成流程分析）。,UmaTool 注册项,observe,
104,uma_hook_diagnostics,uma_hook_diagnostics·SO观测桥只读命令,读 Hook 诊断（哪些 hook 挂上了、失败原因）。,UmaTool 注册项,observe,
105,uma_sniff_status,uma_sniff_status·SO观测桥只读命令,读嗅探器状态（是否开着、抓了多少条）。,UmaTool 注册项,observe,
106,uma_sniff_metadata,uma_sniff_metadata·SO观测桥只读命令,读完整协议观测（请求体十六进制+头+路径，可能很大）。,UmaTool 注册项,observe,
107,uma_sniff_unity,uma_sniff_unity·SO观测桥只读命令,读 Unity 层请求观测。,UmaTool 注册项,observe,
108,uma_sniff_diag,uma_sniff_diag·SO观测桥只读命令,读嗅探 hook 诊断（压缩/解压/POST 链路）。,UmaTool 注册项,observe,
109,uma_md5log,uma_md5log·SO观测桥只读命令,读 MakeMd5 输入输出对（协议逆向用）。,UmaTool 注册项,observe,
110,uma_data,uma_data·SO观测桥只读命令,读游戏数据总览。,UmaTool 注册项,observe,
111,uma_scenario,uma_scenario·SO观测桥只读命令,读当前剧本信息。,UmaTool 注册项,observe,
112,uma_events,uma_events·SO观测桥只读命令,读事件列表。,UmaTool 注册项,observe,
113,uma_event_recommend,uma_event_recommend·SO观测桥只读命令,读事件推荐。,UmaTool 注册项,observe,
114,uma_action_latest,uma_action_latest·SO观测桥只读命令,读最新一次行动。,UmaTool 注册项,observe,
115,uma_training_result,uma_training_result·SO观测桥只读命令,读最近训练结果。,UmaTool 注册项,observe,
116,uma_log,uma_log·SO观测桥只读命令,读育成日志。,UmaTool 注册项,observe,
117,uma_log_turn,uma_log_turn·SO观测桥只读命令,读回合日志。,UmaTool 注册项,observe,
118,uma_ramen,uma_ramen·SO观测桥只读命令,读拉面对局总览。,UmaTool 注册项,observe,
119,uma_rameninfo,uma_rameninfo·SO观测桥只读命令,读拉面信息。,UmaTool 注册项,observe,
120,uma_ramengains,uma_ramengains·SO观测桥只读命令,读拉面增益。,UmaTool 注册项,observe,
121,uma_ramen_participants,uma_ramen_participants·SO观测桥只读命令,读拉面参与者。,UmaTool 注册项,observe,
122,uma_ramen_planner_state,uma_ramen_planner_state·SO观测桥只读命令,读拉面规划器状态（决策 AI 直接相关）。,UmaTool 注册项,observe,
123,uma_seed_history,uma_seed_history·SO观测桥只读命令,读种子历史。,UmaTool 注册项,observe,
124,uma_seed_stats,uma_seed_stats·SO观测桥只读命令,读种子统计。,UmaTool 注册项,observe,
125,uma_inherit_compat,uma_inherit_compat·SO观测桥只读命令,读继承兼容性。,UmaTool 注册项,observe,
126,uma_carddb,uma_carddb·SO观测桥只读命令,读卡牌数据库（可能很大）。,UmaTool 注册项,observe,
127,uma_skilldata,uma_skilldata·SO观测桥只读命令,读技能数据（可能很大）。,UmaTool 注册项,observe,
128,uma_mdb,uma_mdb·SO观测桥只读命令,读 MDB 数据库概览（可能很大）。,UmaTool 注册项,observe,
129,uma_mdb_schema,uma_mdb_schema·SO观测桥只读命令,读 MDB 表结构。,UmaTool 注册项,observe,
130,uma_singletons,uma_singletons·SO观测桥只读命令,读单例列表。,UmaTool 注册项,observe,
131,uma_tables,uma_tables·SO观测桥只读命令,读表列表。,UmaTool 注册项,observe,
132,uma_gauge,uma_gauge·SO观测桥只读命令,读量表一。,UmaTool 注册项,observe,
133,uma_gauge2,uma_gauge2·SO观测桥只读命令,读量表二。,UmaTool 注册项,observe,
134,uma_training_partners,uma_training_partners·SO观测桥只读命令,读训练伙伴。,UmaTool 注册项,observe,
135,uma_training_seed,uma_training_seed·SO观测桥只读命令,读训练种子。,UmaTool 注册项,observe,
136,uma_turn_probe,uma_turn_probe·SO观测桥只读命令,读回合探针。,UmaTool 注册项,observe,
137,uma_breeders,uma_breeders·SO观测桥只读命令,读育成师数据。,UmaTool 注册项,observe,
138,T:OnceNoticeTest#notice shows exactly once across recreates,App界面·noticeshowsexactlyonceacrossrecreates,App界面域「T:OnceNoticeTest」的独立行为：noticeshowsexactlyonceacrossrecreates（源用例 noticeShowsExactlyOnceAcrossRecreates）,用例,repotool,noticeShowsExactlyOnceAcrossRecreates
139,T:OnceNoticeTest#empty notice never marks consumed,App界面·空值noticenevermarksconsumed,App界面域「T:OnceNoticeTest」的独立行为：空值noticenevermarksconsumed（源用例 emptyNoticeNeverMarksConsumed）,用例,repotool,emptyNoticeNeverMarksConsumed
140,engine.github.GitHubRun#first sight announces and records,App界面·firstsightannouncesandrecords,App界面域「GitHubRun」的独立行为：firstsightannouncesandrecords（源用例 firstSightAnnouncesAndRecords）,用例,repotool/notify,firstSightAnnouncesAndRecords
141,engine.github.GitHubRun#same id stays silent,App界面·sameidstayssilent,App界面域「GitHubRun」的独立行为：sameidstayssilent（源用例 sameIdStaysSilent）,用例,repotool/notify,sameIdStaysSilent
142,engine.github.GitHubRun#newer run announces,App界面·newerrunannounces,App界面域「GitHubRun」的独立行为：newerrunannounces（源用例 newerRunAnnounces）,用例,repotool/notify,newerRunAnnounces
143,engine.github.GitHubRun#still running neither rings nor records,App界面·stillrunningneitherringsnorrecords,App界面域「GitHubRun」的独立行为：stillrunningneitherringsnorrecords（源用例 stillRunningNeitherRingsNorRecords）,用例,repotool/notify,stillRunningNeitherRingsNorRecords
144,engine.github.GitHubRun#nothing to look at stays silent,App界面·nothingtolookatstayssilent,App界面域「GitHubRun」的独立行为：nothingtolookatstayssilent（源用例 nothingToLookAtStaysSilent）,用例,repotool/notify,nothingToLookAtStaysSilent
145,engine.github.GitHubRun#garbage last seen id does not crash and treats as first sight,App界面·garbagelastseeniddoesnotcrashandtreatsasfirstsight,App界面域「GitHubRun」的独立行为：garbagelastseeniddoesnotcrashandtreatsasfirstsight（源用例 garbageLastSeenIdDoesNotCrashAndTreatsAsFirstSight）,用例,repotool/notify,garbageLastSeenIdDoesNotCrashAndTreatsAsFirstSight
146,engine.backup.AgoraImportPlan#recognized plan reports counts and notes,App界面·recognizedplanreportscountsandnotes,App界面域「AgoraImportPlan」的独立行为：recognizedplanreportscountsandnotes（源用例 recognizedPlanReportsCountsAndNotes）,用例,repotool/ui/state,recognizedPlanReportsCountsAndNotes
147,engine.backup.AgoraImportPlan#unrecognized plan imports nothing and says why,App界面·unrecognizedplanimportsnothingandsayswhy,App界面域「AgoraImportPlan」的独立行为：unrecognizedplanimportsnothingandsayswhy（源用例 unrecognizedPlanImportsNothingAndSaysWhy）,用例,repotool/ui/state,unrecognizedPlanImportsNothingAndSaysWhy
148,engine.backup.AgoraImportPlan#empty fields are counted as not applied rather than overwriting,App界面·空值fieldsarecountedasnotappliedratherthanoverwriting,App界面域「AgoraImportPlan」的独立行为：空值fieldsarecountedasnotappliedratherthanoverwriting（源用例 emptyFieldsAreCountedAsNotAppliedRatherThanOverwriting）,用例,repotool/ui/state,emptyFieldsAreCountedAsNotAppliedRatherThanOverwriting
149,T:AppUiStateCourierTest#deliver without picks is blocked with voice,App界面·deliverwithoutpicksisblockedwithvoice,App界面域「T:AppUiStateCourierTest」的独立行为：deliverwithoutpicksisblockedwithvoice（源用例 deliverWithoutPicksIsBlockedWithVoice）,用例,repotool/ui/state,deliverWithoutPicksIsBlockedWithVoice
150,T:AppUiStateCourierTest#deliver without repo config is blocked with voice,App界面·deliverwithout仓库configisblockedwithvoice,App界面域「T:AppUiStateCourierTest」的独立行为：deliverwithout仓库configisblockedwithvoice（源用例 deliverWithoutRepoConfigIsBlockedWithVoice）,用例,repotool/ui/state,deliverWithoutRepoConfigIsBlockedWithVoice
151,T:AppUiStateCourierTest#deliver with bad repo shape is blocked with voice,App界面·deliverwithbad仓库shapeisblockedwithvoice,App界面域「T:AppUiStateCourierTest」的独立行为：deliverwithbad仓库shapeisblockedwithvoice（源用例 deliverWithBadRepoShapeIsBlockedWithVoice）,用例,repotool/ui/state,deliverWithBadRepoShapeIsBlockedWithVoice
152,T:AppUiStateCourierTest#deliver without token is blocked with voice,App界面·deliverwithout令牌isblockedwithvoice,App界面域「T:AppUiStateCourierTest」的独立行为：deliverwithout令牌isblockedwithvoice（源用例 deliverWithoutTokenIsBlockedWithVoice）,用例,repotool/ui/state,deliverWithoutTokenIsBlockedWithVoice
153,T:AppUiStateCourierTest#deliver with picks repo and token sends action,App界面·deliverwithpicks仓库and令牌sendsaction,App界面域「T:AppUiStateCourierTest」的独立行为：deliverwithpicks仓库and令牌sendsaction（源用例 deliverWithPicksRepoAndTokenSendsAction）,用例,repotool/ui/state,deliverWithPicksRepoAndTokenSendsAction
154,T:AppUiStateCourierTest#token falls back to github workbench token when courier slot blank,App界面·令牌fallsbacktogithubworkbench令牌分支courierslotblank,App界面域「T:AppUiStateCourierTest」的独立行为：令牌fallsbacktogithubworkbench令牌分支courierslotblank（源用例 tokenFallsBackToGithubWorkbenchTokenWhenCourierSlotBlank）,用例,repotool/ui/state,tokenFallsBackToGithubWorkbenchTokenWhenCourierSlotBlank
155,T:AppUiStateCourierTest#branch defaults to main and reads setting,App界面·分支defaultstomainandreadssetting,App界面域「T:AppUiStateCourierTest」的独立行为：分支defaultstomainandreadssetting（源用例 branchDefaultsToMainAndReadsSetting）,用例,repotool/ui/state,branchDefaultsToMainAndReadsSetting
156,T:AppUiStateCourierTest#courier repo normalizes pasted link,App界面·courier仓库normalizespasted链接,App界面域「T:AppUiStateCourierTest」的独立行为：courier仓库normalizespasted链接（源用例 courierRepoNormalizesPastedLink）,用例,repotool/ui/state,courierRepoNormalizesPastedLink
157,T:AppUiStateCourierTest#picks add and clear,App界面·picksaddandclear,App界面域「T:AppUiStateCourierTest」的独立行为：picksaddandclear（源用例 picksAddAndClear）,用例,repotool/ui/state,picksAddAndClear
158,T:AppUiStateCourierTest#request courier pick sets bridge action,App界面·requestcourierpicksetsbridgeaction,App界面域「T:AppUiStateCourierTest」的独立行为：requestcourierpicksetsbridgeaction（源用例 requestCourierPickSetsBridgeAction）,用例,repotool/ui/state,requestCourierPickSetsBridgeAction
159,T:AppUiStateCourierTest#prefix is timestamped directory with trailing slash,App界面·prefixistimestampeddirectorywith结尾slash,App界面域「T:AppUiStateCourierTest」的独立行为：prefixistimestampeddirectorywith结尾slash（源用例 prefixIsTimestampedDirectoryWithTrailingSlash）,用例,repotool/ui/state,prefixIsTimestampedDirectoryWithTrailingSlash
160,engine.settings.SettingsStorage#defaults hold when nothing was stored,App界面·defaultshold分支nothingwasstored,App界面域「SettingsStorage」的独立行为：defaultshold分支nothingwasstored（源用例 defaultsHoldWhenNothingWasStored）,用例,repotool/ui/state,defaultsHoldWhenNothingWasStored
161,engine.settings.SettingsStorage#stored values become initial values,App界面·storedvaluesbecomeinitialvalues,App界面域「SettingsStorage」的独立行为：storedvaluesbecomeinitialvalues（源用例 storedValuesBecomeInitialValues）,用例,repotool/ui/state,storedValuesBecomeInitialValues
162,engine.settings.SettingsStorage#changes survive process restart,App界面·changessurviveprocessrestart,App界面域「SettingsStorage」的独立行为：changessurviveprocessrestart（源用例 changesSurviveProcessRestart）,用例,repotool/ui/state,changesSurviveProcessRestart
163,engine.settings.SettingsStorage#same value does not rewrite the file,App界面·samevaluedoesnotrewritethe文件,App界面域「SettingsStorage」的独立行为：samevaluedoesnotrewritethe文件（源用例 sameValueDoesNotRewriteTheFile）,用例,repotool/ui/state,sameValueDoesNotRewriteTheFile
164,engine.settings.SettingsStorage#failed flush returns reason for the toast,App界面·failedflushreturnsreasonforthetoast,App界面域「SettingsStorage」的独立行为：failedflushreturnsreasonforthetoast（源用例 failedFlushReturnsReasonForTheToast）,用例,repotool/ui/state,failedFlushReturnsReasonForTheToast
165,engine.settings.SettingsStorage#lone surrogate in draft is voiced not crashing,App界面·lonesurrogateindraftisvoicednotcrashing,App界面域「SettingsStorage」的独立行为：lonesurrogateindraftisvoicednotcrashing（源用例 loneSurrogateInDraftIsVoicedNotCrashing）,用例,repotool/ui/state,loneSurrogateInDraftIsVoicedNotCrashing
166,engine.settings.SettingsStorage#unreadable tab falls back to chat silently,App界面·unreadable标签页fallsbacktochatsilently,App界面域「SettingsStorage」的独立行为：unreadable标签页fallsbacktochatsilently（源用例 unreadableTabFallsBackToChatSilently）,用例,repotool/ui/state,unreadableTabFallsBackToChatSilently
167,engine.settings.SettingsStorage#none persistence keeps old behaviour,App界面·nonepersistencekeepsoldbehaviour,App界面域「SettingsStorage」的独立行为：nonepersistencekeepsoldbehaviour（源用例 nonePersistenceKeepsOldBehaviour）,用例,repotool/ui/state,nonePersistenceKeepsOldBehaviour
168,engine.settings.SettingsStorage#persistence round trips through store text,App界面·persistence取整tripsthrough存储text,App界面域「SettingsStorage」的独立行为：persistence取整tripsthrough存储text（源用例 persistenceRoundTripsThroughStoreText）,用例,repotool/ui/state,persistenceRoundTripsThroughStoreText
169,engine.github.GitHubEntry#my repos refresh without token sets note not busy,App界面·myreposrefreshwithout令牌setsnotenotbusy,App界面域「GitHubEntry」的独立行为：myreposrefreshwithout令牌setsnotenotbusy（源用例 myReposRefreshWithoutTokenSetsNoteNotBusy）,用例,repotool/ui/state,myReposRefreshWithoutTokenSetsNoteNotBusy
170,engine.github.GitHubEntry#browse other repo rejects bad query with voice,App界面·browseother仓库rejectsbad查询withvoice,App界面域「GitHubEntry」的独立行为：browseother仓库rejectsbad查询withvoice（源用例 browseOtherRepoRejectsBadQueryWithVoice）,用例,repotool/ui/state,browseOtherRepoRejectsBadQueryWithVoice
171,engine.github.GitHubEntry#browse other repo rejects empty query with voice,App界面·browseother仓库rejects空值查询withvoice,App界面域「GitHubEntry」的独立行为：browseother仓库rejects空值查询withvoice（源用例 browseOtherRepoRejectsEmptyQueryWithVoice）,用例,repotool/ui/state,browseOtherRepoRejectsEmptyQueryWithVoice
172,engine.github.GitHubEntry#browse down on file entry is ignored,App界面·browsedownon文件条目isignored,App界面域「GitHubEntry」的独立行为：browsedownon文件条目isignored（源用例 browseDownOnFileEntryIsIgnored）,用例,repotool/ui/state,browseDownOnFileEntryIsIgnored
173,engine.github.GitHubEntry#browse up at root is noop,App界面·browseupat根目录isnoop,App界面域「GitHubEntry」的独立行为：browseupat根目录isnoop（源用例 browseUpAtRootIsNoop）,用例,repotool/ui/state,browseUpAtRootIsNoop
174,engine.github.GitHubEntry#exit browse clears the whole browse state,App界面·exitbrowseclearsthewholebrowsestate,App界面域「GitHubEntry」的独立行为：exitbrowseclearsthewholebrowsestate（源用例 exitBrowseClearsTheWholeBrowseState）,用例,repotool/ui/state,exitBrowseClearsTheWholeBrowseState
175,engine.github.GitHubEntry#close file view clears the preview,App界面·关闭文件viewclearsthepreview,App界面域「GitHubEntry」的独立行为：关闭文件viewclearsthepreview（源用例 closeFileViewClearsThePreview）,用例,repotool/ui/state,closeFileViewClearsThePreview
176,engine.github.GitHubEntry#toggle branch picker without browse stays offline,App界面·toggle分支pickerwithoutbrowsestaysoffline,App界面域「GitHubEntry」的独立行为：toggle分支pickerwithoutbrowsestaysoffline（源用例 toggleBranchPickerWithoutBrowseStaysOffline）,用例,repotool/ui/state,toggleBranchPickerWithoutBrowseStaysOffline
177,engine.github.GitHubEntry#switch branch without browse is noop,App界面·switch分支withoutbrowseisnoop,App界面域「GitHubEntry」的独立行为：switch分支withoutbrowseisnoop（源用例 switchBranchWithoutBrowseIsNoop）,用例,repotool/ui/state,switchBranchWithoutBrowseIsNoop
178,engine.github.GitHubEntry#toggle commits without browse stays offline,App界面·togglecommitswithoutbrowsestaysoffline,App界面域「GitHubEntry」的独立行为：togglecommitswithoutbrowsestaysoffline（源用例 toggleCommitsWithoutBrowseStaysOffline）,用例,repotool/ui/state,toggleCommitsWithoutBrowseStaysOffline
179,engine.github.GitHubEntry#start editing without content is blocked,App界面·starteditingwithoutcontentisblocked,App界面域「GitHubEntry」的独立行为：starteditingwithoutcontentisblocked（源用例 startEditingWithoutContentIsBlocked）,用例,repotool/ui/state,startEditingWithoutContentIsBlocked
180,engine.github.GitHubEntry#commit edit without message is blocked offline,App界面·commiteditwithout消息isblockedoffline,App界面域「GitHubEntry」的独立行为：commiteditwithout消息isblockedoffline（源用例 commitEditWithoutMessageIsBlockedOffline）,用例,repotool/ui/state,commitEditWithoutMessageIsBlockedOffline
181,engine.github.GitHubEntry#commit edit with closed editor is noop,App界面·commiteditwithclosededitorisnoop,App界面域「GitHubEntry」的独立行为：commiteditwithclosededitorisnoop（源用例 commitEditWithClosedEditorIsNoop）,用例,repotool/ui/state,commitEditWithClosedEditorIsNoop
182,engine.github.GitHubEntry#cancel editing clears the draft,App界面·取消editingclearsthedraft,App界面域「GitHubEntry」的独立行为：取消editingclearsthedraft（源用例 cancelEditingClearsTheDraft）,用例,repotool/ui/state,cancelEditingClearsTheDraft
183,engine.github.GitHubEntry#toggle browse ci without browse stays offline,App界面·togglebrowseciwithoutbrowsestaysoffline,App界面域「GitHubEntry」的独立行为：togglebrowseciwithoutbrowsestaysoffline（源用例 toggleBrowseCiWithoutBrowseStaysOffline）,用例,repotool/ui/state,toggleBrowseCiWithoutBrowseStaysOffline
184,engine.github.GitHubEntry#open run jobs without browse does nothing,App界面·打开runjobswithoutbrowsedoesnothing,App界面域「GitHubEntry」的独立行为：打开runjobswithoutbrowsedoesnothing（源用例 openRunJobsWithoutBrowseDoesNothing）,用例,repotool/ui/state,openRunJobsWithoutBrowseDoesNothing
185,engine.github.GitHubEntry#close browse ci clears all three layers,App界面·关闭browseciclearsallthreelayers,App界面域「GitHubEntry」的独立行为：关闭browseciclearsallthreelayers（源用例 closeBrowseCiClearsAllThreeLayers）,用例,repotool/ui/state,closeBrowseCiClearsAllThreeLayers
186,T:AppUiStateSendGuardTest#overlong draft is refused with chinese guidance and draft kept,App界面·overlongdraftisrefusedwithchineseguidanceanddraftkept,App界面域「T:AppUiStateSendGuardTest」的独立行为：overlongdraftisrefusedwithchineseguidanceanddraftkept（源用例 overlongDraftIsRefusedWithChineseGuidanceAndDraftKept）,用例,repotool/ui/state,overlongDraftIsRefusedWithChineseGuidanceAndDraftKept
187,T:AppUiStateSendGuardTest#exact limit passes but nothing wasteful happens before it,App界面·exact上限passesbutnothingwastefulhappensbeforeit,App界面域「T:AppUiStateSendGuardTest」的独立行为：exact上限passesbutnothingwastefulhappensbeforeit（源用例 exactLimitPassesButNothingWastefulHappensBeforeIt）,用例,repotool/ui/state,exactLimitPassesButNothingWastefulHappensBeforeIt
188,T:AppUiStateSendGuardTest#blank draft says so instead of silently doing nothing,App界面·blankdraftsayssoinsteadofsilentlydoingnothing,App界面域「T:AppUiStateSendGuardTest」的独立行为：blankdraftsayssoinsteadofsilentlydoingnothing（源用例 blankDraftSaysSoInsteadOfSilentlyDoingNothing）,用例,repotool/ui/state,blankDraftSaysSoInsteadOfSilentlyDoingNothing
189,T:AppUiStateSendGuardTest#normal draft goes to runtime and clears the box,App界面·normaldraftgoestoruntimeandclearsthebox,App界面域「T:AppUiStateSendGuardTest」的独立行为：normaldraftgoestoruntimeandclearsthebox（源用例 normalDraftGoesToRuntimeAndClearsTheBox）,用例,repotool/ui/state,normalDraftGoesToRuntimeAndClearsTheBox
190,T:AppUiStateTest#open settings without anchor stays on main page,App界面·打开settingswithoutanchorstaysonmainpage,App界面域「T:AppUiStateTest」的独立行为：打开settingswithoutanchorstaysonmainpage（源用例 openSettingsWithoutAnchorStaysOnMainPage）,用例,repotool/ui/state,openSettingsWithoutAnchorStaysOnMainPage
191,T:AppUiStateTest#open settings with anchor pushes one sub page,App界面·打开settingswithanchorpushesonesubpage,App界面域「T:AppUiStateTest」的独立行为：打开settingswithanchorpushesonesubpage（源用例 openSettingsWithAnchorPushesOneSubPage）,用例,repotool/ui/state,openSettingsWithAnchorPushesOneSubPage
192,T:AppUiStateTest#back from sub page pops stack before closing settings,App界面·backfromsubpagepops栈beforeclosingsettings,App界面域「T:AppUiStateTest」的独立行为：backfromsubpagepops栈beforeclosingsettings（源用例 backFromSubPagePopsStackBeforeClosingSettings）,用例,repotool/ui/state,backFromSubPagePopsStackBeforeClosingSettings
193,T:AppUiStateTest#toggle select adds then removes,App界面·toggleselectaddsthenremoves,App界面域「T:AppUiStateTest」的独立行为：toggleselectaddsthenremoves（源用例 toggleSelectAddsThenRemoves）,用例,repotool/ui/state,toggleSelectAddsThenRemoves
194,T:AppUiStateTest#ask delete without selection does not open confirm,App界面·ask删除withoutselectiondoesnot打开confirm,App界面域「T:AppUiStateTest」的独立行为：ask删除withoutselectiondoesnot打开confirm（源用例 askDeleteWithoutSelectionDoesNotOpenConfirm）,用例,repotool/ui/state,askDeleteWithoutSelectionDoesNotOpenConfirm
195,T:AppUiStateTest#confirm action deletes selected conversations and closes layers,App界面·confirmactiondeletesselectedconversationsandcloseslayers,App界面域「T:AppUiStateTest」的独立行为：confirmactiondeletesselectedconversationsandcloseslayers（源用例 confirmActionDeletesSelectedConversationsAndClosesLayers）,用例,repotool/ui/state,confirmActionDeletesSelectedConversationsAndClosesLayers
196,T:AppUiStateTest#new conversation prepends and clears selection,App界面·newconversationprependsandclearsselection,App界面域「T:AppUiStateTest」的独立行为：newconversationprependsandclearsselection（源用例 newConversationPrependsAndClearsSelection）,用例,repotool/ui/state,newConversationPrependsAndClearsSelection
197,T:AppUiStateTest#add and remove thumb keeps order and count,App界面·addandremovethumbkeeps排序and计数,App界面域「T:AppUiStateTest」的独立行为：addandremovethumbkeeps排序and计数（源用例 addAndRemoveThumbKeepsOrderAndCount）,用例,repotool/ui/state,addAndRemoveThumbKeepsOrderAndCount
198,T:AppUiStateTest#toast bumps token each time,App界面·toastbumps令牌each时间,App界面域「T:AppUiStateTest」的独立行为：toastbumps令牌each时间（源用例 toastBumpsTokenEachTime）,用例,repotool/ui/state,toastBumpsTokenEachTime
199,T:AppUiStateTest#close sheets resets every layer,App界面·关闭sheetsresetseverylayer,App界面域「T:AppUiStateTest」的独立行为：关闭sheetsresetseverylayer（源用例 closeSheetsResetsEveryLayer）,用例,repotool/ui/state,closeSheetsResetsEveryLayer
200,T:AppUiStateTest#vision gate blocks model when attachments present,App界面·visiongateblocksmodel分支attachmentspresent,App界面域「T:AppUiStateTest」的独立行为：visiongateblocksmodel分支attachmentspresent（源用例 visionGateBlocksModelWhenAttachmentsPresent）,用例,repotool/ui/state,visionGateBlocksModelWhenAttachmentsPresent
201,repotool.backup.BackupGateway#settings flow through the live channel,App界面·settingsFlow流throughthelivechannel,App界面域「BackupGateway」的独立行为：settingsFlow流throughthelivechannel（源用例 settingsFlowThroughTheLiveChannel）,用例,repotool/ui/state,settingsFlowThroughTheLiveChannel
202,repotool.backup.BackupGateway#foreign format is refused without touching anything,App界面·foreign格式化isrefusedwithouttouchinganything,App界面域「BackupGateway」的独立行为：foreign格式化isrefusedwithouttouchinganything（源用例 foreignFormatIsRefusedWithoutTouchingAnything）,用例,repotool/ui/state,foreignFormatIsRefusedWithoutTouchingAnything
203,repotool.backup.BackupGateway#unreadable settings do not block sessions,App界面·unreadablesettingsdonotblocksessions,App界面域「BackupGateway」的独立行为：unreadablesettingsdonotblocksessions（源用例 unreadableSettingsDoNotBlockSessions）,用例,repotool/ui/state,unreadableSettingsDoNotBlockSessions
204,engine.api.LineSink#send without base url produces error card and touches no network,App界面·sendwithout基址网址produces错误cardandtouchesnonetwork,App界面域「LineSink」的独立行为：sendwithout基址网址produces错误cardandtouchesnonetwork（源用例 sendWithoutBaseUrlProducesErrorCardAndTouchesNoNetwork）,用例,repotool/ui/state,sendWithoutBaseUrlProducesErrorCardAndTouchesNoNetwork
205,engine.api.LineSink#happy path streams into assistant card,App界面·happy路径streamsintoassistantcard,App界面域「LineSink」的独立行为：happy路径streamsintoassistantcard（源用例 happyPathStreamsIntoAssistantCard）,用例,repotool/ui/state,happyPathStreamsIntoAssistantCard
206,engine.api.LineSink#error cards stay out of history,App界面·错误cardsstayoutof历史,App界面域「LineSink」的独立行为：错误cardsstayoutof历史（源用例 errorCardsStayOutOfHistory）,用例,repotool/ui/state,errorCardsStayOutOfHistory
207,engine.api.LineSink#second send while busy is ignored not queued,App界面·secondsendwhilebusyisignorednotqueued,App界面域「LineSink」的独立行为：secondsendwhilebusyisignorednotqueued（源用例 secondSendWhileBusyIsIgnoredNotQueued）,用例,repotool/ui/state,secondSendWhileBusyIsIgnoredNotQueued
208,engine.api.LineSink#stop when idle is harmless,App界面·stop分支idleisharmless,App界面域「LineSink」的独立行为：stop分支idleisharmless（源用例 stopWhenIdleIsHarmless）,用例,repotool/ui/state,stopWhenIdleIsHarmless
209,engine.api.LineSink#refresh models lands remote list,App界面·refreshmodelslandsremote列表,App界面域「LineSink」的独立行为：refreshmodelslandsremote列表（源用例 refreshModelsLandsRemoteList）,用例,repotool/ui/state,refreshModelsLandsRemoteList
210,engine.api.LineSink#refresh models error keeps way out,App界面·refreshmodels错误keepswayout,App界面域「LineSink」的独立行为：refreshmodels错误keepswayout（源用例 refreshModelsErrorKeepsWayOut）,用例,repotool/ui/state,refreshModelsErrorKeepsWayOut
211,engine.api.LineSink#refresh models empty listing says so not silence,App界面·refreshmodels空值listingsayssonotsilence,App界面域「LineSink」的独立行为：refreshmodels空值listingsayssonotsilence（源用例 refreshModelsEmptyListingSaysSoNotSilence）,用例,repotool/ui/state,refreshModelsEmptyListingSaysSoNotSilence
212,engine.api.LineSink#tool round executes feeds back and resends,App界面·tool取整executesfeedsbackandresends,App界面域「LineSink」的独立行为：tool取整executesfeedsbackandresends（源用例 toolRoundExecutesFeedsBackAndResends）,用例,repotool/ui/state,toolRoundExecutesFeedsBackAndResends
213,engine.api.LineSink#tool round limit stops the spin,App界面·tool取整上限stopsthespin,App界面域「LineSink」的独立行为：tool取整上限stopsthespin（源用例 toolRoundLimitStopsTheSpin）,用例,repotool/ui/state,toolRoundLimitStopsTheSpin
214,engine.api.LineSink#stop between tool rounds stops the loop,App界面·stopbetweentoolroundsstopsthe循环,App界面域「LineSink」的独立行为：stopbetweentoolroundsstopsthe循环（源用例 stopBetweenToolRoundsStopsTheLoop）,用例,repotool/ui/state,stopBetweenToolRoundsStopsTheLoop
215,engine.api.LineSink#system prompt leads the request and is not counted against history,App界面·systempromptleadstherequestandisnotcountedagainst历史,App界面域「LineSink」的独立行为：systempromptleadstherequestandisnotcountedagainst历史（源用例 systemPromptLeadsTheRequestAndIsNotCountedAgainstHistory）,用例,repotool/ui/state,systemPromptLeadsTheRequestAndIsNotCountedAgainstHistory
216,engine.api.LineSink#blank system prompt sends nothing extra,App界面·blanksystempromptsendsnothingextra,App界面域「LineSink」的独立行为：blanksystempromptsendsnothingextra（源用例 blankSystemPromptSendsNothingExtra）,用例,repotool/ui/state,blankSystemPromptSendsNothingExtra
217,engine.api.LineSink#overlong history trims oldest and announces the count,App界面·overlong历史trimsoldestandannouncesthe计数,App界面域「LineSink」的独立行为：overlong历史trimsoldestandannouncesthe计数（源用例 overlongHistoryTrimsOldestAndAnnouncesTheCount）,用例,repotool/ui/state,overlongHistoryTrimsOldestAndAnnouncesTheCount
218,engine.api.LineSink#turn limit is clamped to one to five hundred,App界面·turn上限isclampedtoonetofivehundred,App界面域「LineSink」的独立行为：turn上限isclampedtoonetofivehundred（源用例 turnLimitIsClampedToOneToFiveHundred）,用例,repotool/ui/state,turnLimitIsClampedToOneToFiveHundred
219,engine.github.GitHubAuthOutcome#empty token is refused without calling the verifier,App界面·空值令牌isrefusedwithoutcallingtheverifier,App界面域「GitHubAuthOutcome」的独立行为：空值令牌isrefusedwithoutcallingtheverifier（源用例 emptyTokenIsRefusedWithoutCallingTheVerifier）,用例,repotool/ui/state,emptyTokenIsRefusedWithoutCallingTheVerifier
220,engine.github.GitHubAuthOutcome#successful login records account scopes and persists,App界面·successfulloginrecordsaccountscopesandpersists,App界面域「GitHubAuthOutcome」的独立行为：successfulloginrecordsaccountscopesandpersists（源用例 successfulLoginRecordsAccountScopesAndPersists）,用例,repotool/ui/state,successfulLoginRecordsAccountScopesAndPersists
221,engine.github.GitHubAuthOutcome#failed login keeps unlogged and shows guidance,App界面·failedloginkeepsunloggedandshowsguidance,App界面域「GitHubAuthOutcome」的独立行为：failedloginkeepsunloggedandshowsguidance（源用例 failedLoginKeepsUnloggedAndShowsGuidance）,用例,repotool/ui/state,failedLoginKeepsUnloggedAndShowsGuidance
222,engine.github.GitHubAuthOutcome#token edit invalidates the verified login through app ui state,App界面·令牌editinvalidatestheverifiedloginthroughappuistate,App界面域「GitHubAuthOutcome」的独立行为：令牌editinvalidatestheverifiedloginthroughappuistate（源用例 tokenEditInvalidatesTheVerifiedLoginThroughAppUiState）,用例,repotool/ui/state,tokenEditInvalidatesTheVerifiedLoginThroughAppUiState
223,engine.github.GitHubAuthOutcome#logout clears login but keeps the token itself,App界面·logoutclearsloginbutkeepsthe令牌itself,App界面域「GitHubAuthOutcome」的独立行为：logoutclearsloginbutkeepsthe令牌itself（源用例 logoutClearsLoginButKeepsTheTokenItself）,用例,repotool/ui/state,logoutClearsLoginButKeepsTheTokenItself
224,engine.github.GitHubAuthOutcome#reload from settings picks up imported values,App界面·reloadfromsettingspicksupimportedvalues,App界面域「GitHubAuthOutcome」的独立行为：reloadfromsettingspicksupimportedvalues（源用例 reloadFromSettingsPicksUpImportedValues）,用例,repotool/ui/state,reloadFromSettingsPicksUpImportedValues
225,engine.github.GitHubAuthOutcome#scopes not declared is voiced honestly,App界面·scopesnotdeclaredisvoicedhonestly,App界面域「GitHubAuthOutcome」的独立行为：scopesnotdeclaredisvoicedhonestly（源用例 scopesNotDeclaredIsVoicedHonestly）,用例,repotool/ui/state,scopesNotDeclaredIsVoicedHonestly
226,engine.github.GitHubCodeHit#gate blocks when not browsing,App界面·gateblocks分支notbrowsing,App界面域「GitHubCodeHit」的独立行为：gateblocks分支notbrowsing（源用例 gateBlocksWhenNotBrowsing）,用例,repotool/ui/state,gateBlocksWhenNotBrowsing
227,engine.github.GitHubCodeHit#gate blocks on non default branch and names the branch,App界面·gateblocksonnon默认分支andnamesthe分支,App界面域「GitHubCodeHit」的独立行为：gateblocksonnon默认分支andnamesthe分支（源用例 gateBlocksOnNonDefaultBranchAndNamesTheBranch）,用例,repotool/ui/state,gateBlocksOnNonDefaultBranchAndNamesTheBranch
228,engine.github.GitHubCodeHit#gate blocks blank query,App界面·gateblocksblank查询,App界面域「GitHubCodeHit」的独立行为：gateblocksblank查询（源用例 gateBlocksBlankQuery）,用例,repotool/ui/state,gateBlocksBlankQuery
229,engine.github.GitHubCodeHit#gate blocks missing token,App界面·gateblocks缺失令牌,App界面域「GitHubCodeHit」的独立行为：gateblocks缺失令牌（源用例 gateBlocksMissingToken）,用例,repotool/ui/state,gateBlocksMissingToken
230,engine.github.GitHubCodeHit#gate passes when everything in place,App界面·gatepasses分支everythinginplace,App界面域「GitHubCodeHit」的独立行为：gatepasses分支everythinginplace（源用例 gatePassesWhenEverythingInPlace）,用例,repotool/ui/state,gatePassesWhenEverythingInPlace
231,engine.github.GitHubCodeHit#run search without browse stays offline,App界面·run搜索withoutbrowsestaysoffline,App界面域「GitHubCodeHit」的独立行为：run搜索withoutbrowsestaysoffline（源用例 runSearchWithoutBrowseStaysOffline）,用例,repotool/ui/state,runSearchWithoutBrowseStaysOffline
232,engine.github.GitHubCodeHit#run search blank query says write something,App界面·run搜索blank查询sayswritesomething,App界面域「GitHubCodeHit」的独立行为：run搜索blank查询sayswritesomething（源用例 runSearchBlankQuerySaysWriteSomething）,用例,repotool/ui/state,runSearchBlankQuerySaysWriteSomething
233,engine.github.GitHubCodeHit#open search hit without browse is blocked without touch,App界面·打开搜索命中withoutbrowseisblockedwithouttouch,App界面域「GitHubCodeHit」的独立行为：打开搜索命中withoutbrowseisblockedwithouttouch（源用例 openSearchHitWithoutBrowseIsBlockedWithoutTouch）,用例,repotool/ui/state,openSearchHitWithoutBrowseIsBlockedWithoutTouch
234,engine.github.GitHubCodeHit#exit browse clears search results,App界面·exitbrowseclears搜索results,App界面域「GitHubCodeHit」的独立行为：exitbrowseclears搜索results（源用例 exitBrowseClearsSearchResults）,用例,repotool/ui/state,exitBrowseClearsSearchResults
235,engine.http.FailureClass#switch defaults to off,App界面·switchdefaultstooff,App界面域「FailureClass」的独立行为：switchdefaultstooff（源用例 switchDefaultsToOff）,用例,repotool/ui/state,switchDefaultsToOff
236,engine.http.FailureClass#off means no auto resend for costly gateway failure,App界面·offmeansnoautoresendforcostlygatewayfailure,App界面域「FailureClass」的独立行为：offmeansnoautoresendforcostlygatewayfailure（源用例 offMeansNoAutoResendForCostlyGatewayFailure）,用例,repotool/ui/state,offMeansNoAutoResendForCostlyGatewayFailure
237,engine.http.FailureClass#on means auto resend for costly gateway failure,App界面·onmeansautoresendforcostlygatewayfailure,App界面域「FailureClass」的独立行为：onmeansautoresendforcostlygatewayfailure（源用例 onMeansAutoResendForCostlyGatewayFailure）,用例,repotool/ui/state,onMeansAutoResendForCostlyGatewayFailure
238,engine.http.FailureClass#no switch setting resends a partial stream,App界面·noswitchsettingresendsapartial流式,App界面域「FailureClass」的独立行为：noswitchsettingresendsapartial流式（源用例 noSwitchSettingResendsAPartialStream）,用例,repotool/ui/state,noSwitchSettingResendsAPartialStream
239,engine.http.FailureClass#no switch setting resends context overflow,App界面·noswitchsettingresendscontext溢出,App界面域「FailureClass」的独立行为：noswitchsettingresendscontext溢出（源用例 noSwitchSettingResendsContextOverflow）,用例,repotool/ui/state,noSwitchSettingResendsContextOverflow
240,engine.http.FailureClass#free download retries regardless of the switch,App界面·free下载retriesregardlessoftheswitch,App界面域「FailureClass」的独立行为：free下载retriesregardlessoftheswitch（源用例 freeDownloadRetriesRegardlessOfTheSwitch）,用例,repotool/ui/state,freeDownloadRetriesRegardlessOfTheSwitch
241,engine.http.FailureClass#flag writes through to the settings file and survives restart,App界面·flagwritesthroughtothesettings文件andsurvivesrestart,App界面域「FailureClass」的独立行为：flagwritesthroughtothesettings文件andsurvivesrestart（源用例 flagWritesThroughToTheSettingsFileAndSurvivesRestart）,用例,repotool/ui/state,flagWritesThroughToTheSettingsFileAndSurvivesRestart
242,engine.http.FailureClass#flag reads stored value and falls back to caller default,App界面·flagreadsstoredvalueandfallsbacktocaller默认,App界面域「FailureClass」的独立行为：flagreadsstoredvalueandfallsbacktocaller默认（源用例 flagReadsStoredValueAndFallsBackToCallerDefault）,用例,repotool/ui/state,flagReadsStoredValueAndFallsBackToCallerDefault
243,engine.http.FailureClass#reading flags alone writes nothing,App界面·readingflagsalonewritesnothing,App界面域「FailureClass」的独立行为：readingflagsalonewritesnothing（源用例 readingFlagsAloneWritesNothing）,用例,repotool/ui/state,readingFlagsAloneWritesNothing
244,engine.http.FailureClass#nothing is orphaned from the demo sections,App界面·nothingisorphanedfromthedemosections,App界面域「FailureClass」的独立行为：nothingisorphanedfromthedemosections（源用例 nothingIsOrphanedFromTheDemoSections）,用例,repotool/ui/state,nothingIsOrphanedFromTheDemoSections
245,engine.http.FailureClass#real item is appended after demo items in the same group,App界面·realitemisappendedafterdemoitemsinthesamegroup,App界面域「FailureClass」的独立行为：realitemisappendedafterdemoitemsinthesamegroup（源用例 realItemIsAppendedAfterDemoItemsInTheSameGroup）,用例,repotool/ui/state,realItemIsAppendedAfterDemoItemsInTheSameGroup
246,engine.http.FailureClass#merging does not mutate the demo table,App界面·mergingdoesnotmutatethedemotable,App界面域「FailureClass」的独立行为：mergingdoesnotmutatethedemotable（源用例 mergingDoesNotMutateTheDemoTable）,用例,repotool/ui/state,mergingDoesNotMutateTheDemoTable
247,engine.http.FailureClass#sub page lookup prefers real table then falls back to demo,App界面·subpagelookupprefersrealtablethenfallsbacktodemo,App界面域「FailureClass」的独立行为：subpagelookupprefersrealtablethenfallsbacktodemo（源用例 subPageLookupPrefersRealTableThenFallsBackToDemo）,用例,repotool/ui/state,subPageLookupPrefersRealTableThenFallsBackToDemo
248,engine.http.FailureClass#retry page uses the persisted switch not the demo one,App界面·重试pageusesthepersistedswitchnotthedemoone,App界面域「FailureClass」的独立行为：重试pageusesthepersistedswitchnotthedemoone（源用例 retryPageUsesThePersistedSwitchNotTheDemoOne）,用例,repotool/ui/state,retryPageUsesThePersistedSwitchNotTheDemoOne
249,engine.http.FailureClass#state without persistence still answers flags,App界面·statewithoutpersistencestillanswersflags,App界面域「FailureClass」的独立行为：statewithoutpersistencestillanswersflags（源用例 stateWithoutPersistenceStillAnswersFlags）,用例,repotool/ui/state,stateWithoutPersistenceStillAnswersFlags
250,engine.http.FailureClass#flush failure still reaches the toggle,App界面·flushfailurestillreachesthetoggle,App界面域「FailureClass」的独立行为：flushfailurestillreachesthetoggle（源用例 flushFailureStillReachesTheToggle）,用例,repotool/ui/state,flushFailureStillReachesTheToggle
251,engine.api.LineSink#settled turns land on disk and reload identically,App界面·settledturnslandon磁盘andreloadidentically,App界面域「LineSink」的独立行为：settledturnslandon磁盘andreloadidentically（源用例 settledTurnsLandOnDiskAndReloadIdentically）,用例,repotool/ui/state,settledTurnsLandOnDiskAndReloadIdentically
252,engine.api.LineSink#error cards stored but never fed back,App界面·错误cardsstoredbutneverfedback,App界面域「LineSink」的独立行为：错误cardsstoredbutneverfedback（源用例 errorCardsStoredButNeverFedBack）,用例,repotool/ui/state,errorCardsStoredButNeverFedBack
253,engine.api.LineSink#half answer stored with incomplete flag,App界面·halfanswerstoredwithincompleteflag,App界面域「LineSink」的独立行为：halfanswerstoredwithincompleteflag（源用例 halfAnswerStoredWithIncompleteFlag）,用例,repotool/ui/state,halfAnswerStoredWithIncompleteFlag
254,engine.api.LineSink#app ui state wires latest session and real create and delete,App界面·appuistatewireslatestsessionandreal创建and删除,App界面域「LineSink」的独立行为：appuistatewireslatestsessionandreal创建and删除（源用例 appUiStateWiresLatestSessionAndRealCreateAndDelete）,用例,repotool/ui/state,appUiStateWiresLatestSessionAndRealCreateAndDelete
255,engine.api.LineSink#unreadable lines count out loud not silently dropped,App界面·unreadablelines计数outloudnotsilentlydropped,App界面域「LineSink」的独立行为：unreadablelines计数outloudnotsilentlydropped（源用例 unreadableLinesCountOutLoudNotSilentlyDropped）,用例,repotool/ui/state,unreadableLinesCountOutLoudNotSilentlyDropped
256,engine.toolcalls.WriteConfirmer#without confirmer the write tool does not exist,App界面·withoutconfirmerthewritetooldoesnotexist,App界面域「WriteConfirmer」的独立行为：withoutconfirmerthewritetooldoesnotexist（源用例 withoutConfirmerTheWriteToolDoesNotExist）,用例,repotool/ui/state,withoutConfirmerTheWriteToolDoesNotExist
257,engine.toolcalls.WriteConfirmer#with confirmer the write tool is registered,App界面·withconfirmerthewritetoolisregistered,App界面域「WriteConfirmer」的独立行为：withconfirmerthewritetoolisregistered（源用例 withConfirmerTheWriteToolIsRegistered）,用例,repotool/ui/state,withConfirmerTheWriteToolIsRegistered
258,engine.toolcalls.WriteConfirmer#read tools are registered either way,App界面·readtoolsareregisteredeitherway,App界面域「WriteConfirmer」的独立行为：readtoolsareregisteredeitherway（源用例 readToolsAreRegisteredEitherWay）,用例,repotool/ui/state,readToolsAreRegisteredEitherWay
259,engine.toolcalls.GitHubWriteProposal#approve lets the write through,App界面·approveletsthewritethrough,App界面域「GitHubWriteProposal」的独立行为：approveletsthewritethrough（源用例 approveLetsTheWriteThrough）,用例,repotool/ui/state,approveLetsTheWriteThrough
260,engine.toolcalls.GitHubWriteProposal#reject keeps everything unwritten,App界面·rejectkeepseverythingunwritten,App界面域「GitHubWriteProposal」的独立行为：rejectkeepseverythingunwritten（源用例 rejectKeepsEverythingUnwritten）,用例,repotool/ui/state,rejectKeepsEverythingUnwritten
261,engine.toolcalls.GitHubWriteProposal#timeout means reject,App界面·超时meansreject,App界面域「GitHubWriteProposal」的独立行为：超时meansreject（源用例 timeoutMeansReject）,用例,repotool/ui/state,timeoutMeansReject
262,engine.toolcalls.GitHubWriteProposal#second proposal while one is pending is refused,App界面·secondproposalwhileoneispendingisrefused,App界面域「GitHubWriteProposal」的独立行为：secondproposalwhileoneispendingisrefused（源用例 secondProposalWhileOneIsPendingIsRefused）,用例,repotool/ui/state,secondProposalWhileOneIsPendingIsRefused
263,engine.io.streamingCopy#,engine·,engine域「streamingCopy」的独立行为：（源用例 搬一小段内容能算出正确的字节数和校验和）,用例,engine,搬一小段内容能算出正确的字节数和校验和
264,T:NoEmojiInSourceTest#kotlin sources contain no emoji even as escapes,engine·kotlinsourcescontainno表情evenasescapes,engine域「T:NoEmojiInSourceTest」的独立行为：kotlinsourcescontainno表情evenasescapes（源用例 kotlinSourcesContainNoEmojiEvenAsEscapes）,用例,engine,kotlinSourcesContainNoEmojiEvenAsEscapes
265,T:NoEmojiInSourceTest#escape form is rejected just like the raw character,engine·转义表单isrejectedjustliketherawcharacter,engine域「T:NoEmojiInSourceTest」的独立行为：转义表单isrejectedjustliketherawcharacter（源用例 escapeFormIsRejectedJustLikeTheRawCharacter）,用例,engine,escapeFormIsRejectedJustLikeTheRawCharacter
266,T:NoEmojiInSourceTest#geometric and technical blocks are covered,engine·geometricandtechnicalblocksarecovered,engine域「T:NoEmojiInSourceTest」的独立行为：geometricandtechnicalblocksarecovered（源用例 geometricAndTechnicalBlocksAreCovered）,用例,engine,geometricAndTechnicalBlocksAreCovered
267,T:NoEmojiInSourceTest#non adjacent surrogate halves are not glued into a pair,engine·nonadjacentsurrogatehalvesarenotgluedintoapair,engine域「T:NoEmojiInSourceTest」的独立行为：nonadjacentsurrogatehalvesarenotgluedintoapair（源用例 nonAdjacentSurrogateHalvesAreNotGluedIntoAPair）,用例,engine,nonAdjacentSurrogateHalvesAreNotGluedIntoAPair
268,T:NoEmojiInSourceTest#chinese and ascii stay allowed,engine·chineseandasciistayallowed,engine域「T:NoEmojiInSourceTest」的独立行为：chineseandasciistayallowed（源用例 chineseAndAsciiStayAllowed）,用例,engine,chineseAndAsciiStayAllowed
269,T:NoEmojiInSourceTest#banned ranges cover the real icon blocks,engine·bannedrangescoverthereal图标blocks,engine域「T:NoEmojiInSourceTest」的独立行为：bannedrangescoverthereal图标blocks（源用例 bannedRangesCoverTheRealIconBlocks）,用例,engine,bannedRangesCoverTheRealIconBlocks
270,T:SourceHygieneTest#all kotlin sources are lexically balanced,engine·allkotlinsourcesarelexicallybalanced,engine域「T:SourceHygieneTest」的独立行为：allkotlinsourcesarelexicallybalanced（源用例 allKotlinSourcesAreLexicallyBalanced）,用例,engine,allKotlinSourcesAreLexicallyBalanced
271,T:SourceHygieneTest#detector bites on known bad samples,engine·detectorbitesonknownbadsamples,engine域「T:SourceHygieneTest」的独立行为：detectorbitesonknownbadsamples（源用例 detectorBitesOnKnownBadSamples）,用例,engine,detectorBitesOnKnownBadSamples
272,T:BaseUrlResolverTest#appends v 1 when url has no version,engine·appendsv1分支网址hasno版本,engine域「T:BaseUrlResolverTest」的独立行为：appendsv1分支网址hasno版本（源用例 appendsV1WhenUrlHasNoVersion）,用例,engine/api,appendsV1WhenUrlHasNoVersion
273,T:BaseUrlResolverTest#keeps url that already carries a version,engine·keeps网址thatalreadycarriesa版本,engine域「T:BaseUrlResolverTest」的独立行为：keeps网址thatalreadycarriesa版本（源用例 keepsUrlThatAlreadyCarriesAVersion）,用例,engine/api,keepsUrlThatAlreadyCarriesAVersion
274,T:BaseUrlResolverTest#hostname starting with version like text is not treated as versioned,engine·hostnamestartingwith版本liketextisnottreatedasversioned,engine域「T:BaseUrlResolverTest」的独立行为：hostnamestartingwith版本liketextisnottreatedasversioned（源用例 hostnameStartingWithVersionLikeTextIsNotTreatedAsVersioned）,用例,engine/api,hostnameStartingWithVersionLikeTextIsNotTreatedAsVersioned
275,T:BaseUrlResolverTest#version like words inside path are not versions,engine·版本likewordsinside路径arenotversions,engine域「T:BaseUrlResolverTest」的独立行为：版本likewordsinside路径arenotversions（源用例 versionLikeWordsInsidePathAreNotVersions）,用例,engine/api,versionLikeWordsInsidePathAreNotVersions
276,T:BaseUrlResolverTest#strips only trailing version,engine·stripsonly结尾版本,engine域「T:BaseUrlResolverTest」的独立行为：stripsonly结尾版本（源用例 stripsOnlyTrailingVersion）,用例,engine/api,stripsOnlyTrailingVersion
277,T:BaseUrlResolverTest#blank input stays blank instead of becoming v 1,engine·blankinputstaysblankinsteadofbecomingv1,engine域「T:BaseUrlResolverTest」的独立行为：blankinputstaysblankinsteadofbecomingv1（源用例 blankInputStaysBlankInsteadOfBecomingV1）,用例,engine/api,blankInputStaysBlankInsteadOfBecomingV1
278,T:BaseUrlResolverTest#endpoint joins with exactly one slash,engine·endpointjoinswithexactlyoneslash,engine域「T:BaseUrlResolverTest」的独立行为：endpointjoinswithexactlyoneslash（源用例 endpointJoinsWithExactlyOneSlash）,用例,engine/api,endpointJoinsWithExactlyOneSlash
279,T:BoundedWireReadTest#whole body under limit comes back intact,engine·whole消息体under上限comesbackintact,engine域「T:BoundedWireReadTest」的独立行为：whole消息体under上限comesbackintact（源用例 wholeBodyUnderLimitComesBackIntact）,用例,engine/api,wholeBodyUnderLimitComesBackIntact
280,T:BoundedWireReadTest#whole body over limit is refused not buffered,engine·whole消息体over上限isrefusednotbuffered,engine域「T:BoundedWireReadTest」的独立行为：whole消息体over上限isrefusednotbuffered（源用例 wholeBodyOverLimitIsRefusedNotBuffered）,用例,engine/api,wholeBodyOverLimitIsRefusedNotBuffered
281,T:BoundedWireReadTest#lines split on newline and carriage return is stripped,engine·lines拆分onnewlineandcarriagereturnisstripped,engine域「T:BoundedWireReadTest」的独立行为：lines拆分onnewlineandcarriagereturnisstripped（源用例 linesSplitOnNewlineAndCarriageReturnIsStripped）,用例,engine/api,linesSplitOnNewlineAndCarriageReturnIsStripped
282,T:BoundedWireReadTest#last line without newline still counts as data,engine·last行号withoutnewlinestillcountsas数据类,engine域「T:BoundedWireReadTest」的独立行为：last行号withoutnewlinestillcountsas数据类（源用例 lastLineWithoutNewlineStillCountsAsData）,用例,engine/api,lastLineWithoutNewlineStillCountsAsData
283,T:BoundedWireReadTest#oversized single line throws with readable message,engine·oversizedsingle行号throwswithreadable消息,engine域「T:BoundedWireReadTest」的独立行为：oversizedsingle行号throwswithreadable消息（源用例 oversizedSingleLineThrowsWithReadableMessage）,用例,engine/api,oversizedSingleLineThrowsWithReadableMessage
284,T:BoundedWireReadTest#blank line is still a line,engine·blank行号isstilla行号,engine域「T:BoundedWireReadTest」的独立行为：blank行号isstilla行号（源用例 blankLineIsStillALine）,用例,engine/api,blankLineIsStillALine
285,T:BoundedWireReadTest#bad limit is rejected at once,engine·bad上限isrejectedatonce,engine域「T:BoundedWireReadTest」的独立行为：bad上限isrejectedatonce（源用例 badLimitIsRejectedAtOnce）,用例,engine/api,badLimitIsRejectedAtOnce
286,engine.generation.GenerationSlot#happy path streams text and frees slot,engine·happy路径streamstextandfreesslot,engine域「GenerationSlot」的独立行为：happy路径streamstextandfreesslot（源用例 happyPathStreamsTextAndFreesSlot）,用例,engine/api,happyPathStreamsTextAndFreesSlot
287,engine.generation.GenerationSlot#stream without done marker is provably incomplete,engine·流式withoutdonemarkerisprovablyincomplete,engine域「GenerationSlot」的独立行为：流式withoutdonemarkerisprovablyincomplete（源用例 streamWithoutDoneMarkerIsProvablyIncomplete）,用例,engine/api,streamWithoutDoneMarkerIsProvablyIncomplete
288,engine.generation.GenerationSlot#length finish reason becomes output truncated,engine·lengthfinishreasonbecomesoutputtruncated,engine域「GenerationSlot」的独立行为：lengthfinishreasonbecomesoutputtruncated（源用例 lengthFinishReasonBecomesOutputTruncated）,用例,engine/api,lengthFinishReasonBecomesOutputTruncated
289,engine.generation.GenerationSlot#rate limited waits retry after then succeeds,engine·ratelimitedwaits重试afterthensucceeds,engine域「GenerationSlot」的独立行为：ratelimitedwaits重试afterthensucceeds（源用例 rateLimitedWaitsRetryAfterThenSucceeds）,用例,engine/api,rateLimitedWaitsRetryAfterThenSucceeds
290,engine.generation.GenerationSlot#costly partial stream never blind retries,engine·costlypartial流式neverblindretries,engine域「GenerationSlot」的独立行为：costlypartial流式neverblindretries（源用例 costlyPartialStreamNeverBlindRetries）,用例,engine/api,costlyPartialStreamNeverBlindRetries
291,engine.generation.GenerationSlot#free request that breaks mid stream is retried,engine·freerequestthatbreaksmid流式isretried,engine域「GenerationSlot」的独立行为：freerequestthatbreaksmid流式isretried（源用例 freeRequestThatBreaksMidStreamIsRetried）,用例,engine/api,freeRequestThatBreaksMidStreamIsRetried
292,engine.generation.GenerationSlot#context overflow gives up with actionable advice,engine·context溢出givesupwithactionableadvice,engine域「GenerationSlot」的独立行为：context溢出givesupwithactionableadvice（源用例 contextOverflowGivesUpWithActionableAdvice）,用例,engine/api,contextOverflowGivesUpWithActionableAdvice
293,engine.generation.GenerationSlot#user stop mid stream is cancelled not failure,engine·userstopmid流式iscancellednotfailure,engine域「GenerationSlot」的独立行为：userstopmid流式iscancellednotfailure（源用例 userStopMidStreamIsCancelledNotFailure）,用例,engine/api,userStopMidStreamIsCancelledNotFailure
294,engine.generation.GenerationSlot#busy slot refuses without touching network,engine·busyslotrefuseswithouttouchingnetwork,engine域「GenerationSlot」的独立行为：busyslotrefuseswithouttouchingnetwork（源用例 busySlotRefusesWithoutTouchingNetwork）,用例,engine/api,busySlotRefusesWithoutTouchingNetwork
295,engine.generation.GenerationSlot#mid stream error chunk is not success,engine·mid流式错误分块isnotsuccess,engine域「GenerationSlot」的独立行为：mid流式错误分块isnotsuccess（源用例 midStreamErrorChunkIsNotSuccess）,用例,engine/api,midStreamErrorChunkIsNotSuccess
296,engine.generation.GenerationSlot#oversize line surfaces sse parse instead of hanging,engine·oversize行号surfacessse解析insteadofhanging,engine域「GenerationSlot」的独立行为：oversize行号surfacessse解析insteadofhanging（源用例 oversizeLineSurfacesSseParseInsteadOfHanging）,用例,engine/api,oversizeLineSurfacesSseParseInsteadOfHanging
297,engine.generation.GenerationSlot#retry budget spends then stops and counts,engine·重试budgetspendsthenstopsandcounts,engine域「GenerationSlot」的独立行为：重试budgetspendsthenstopsandcounts（源用例 retryBudgetSpendsThenStopsAndCounts）,用例,engine/api,retryBudgetSpendsThenStopsAndCounts
298,engine.generation.GenerationSlot#silent read timeout on costly stream says one retry away,engine·silentread超时oncostly流式saysone重试away,engine域「GenerationSlot」的独立行为：silentread超时oncostly流式saysone重试away（源用例 silentReadTimeoutOnCostlyStreamSaysOneRetryAway）,用例,engine/api,silentReadTimeoutOnCostlyStreamSaysOneRetryAway
299,engine.generation.GenerationSlot#requests reach transport unchanged,engine·requestsreachtransportunchanged,engine域「GenerationSlot」的独立行为：requestsreachtransportunchanged（源用例 requestsReachTransportUnchanged）,用例,engine/api,requestsReachTransportUnchanged
300,engine.http.FailureClass#gateway fifty two wrapping overflow body never retries and names the way out,engine·gatewayfiftytwowrapping溢出消息体neverretriesandnamesthewayout,engine域「FailureClass」的独立行为：gatewayfiftytwowrapping溢出消息体neverretriesandnamesthewayout（源用例 gatewayFiftyTwoWrappingOverflowBodyNeverRetriesAndNamesTheWayOut）,用例,engine/api,gatewayFiftyTwoWrappingOverflowBodyNeverRetriesAndNamesTheWayOut
301,engine.http.FailureClass#in stream error block with overflow evidence becomes context overflow transport,engine·in流式错误blockwith溢出evidencebecomescontext溢出transport,engine域「FailureClass」的独立行为：in流式错误blockwith溢出evidencebecomescontext溢出transport（源用例 inStreamErrorBlockWithOverflowEvidenceBecomesContextOverflowTransport）,用例,engine/api,inStreamErrorBlockWithOverflowEvidenceBecomesContextOverflowTransport
302,engine.http.FailureClass#in stream error block with code only overflow is still caught,engine·in流式错误blockwithcodeonly溢出isstillcaught,engine域「FailureClass」的独立行为：in流式错误blockwithcodeonly溢出isstillcaught（源用例 inStreamErrorBlockWithCodeOnlyOverflowIsStillCaught）,用例,engine/api,inStreamErrorBlockWithCodeOnlyOverflowIsStillCaught
303,engine.http.FailureClass#in stream error block carries secret looking text verbatim,engine·in流式错误blockcarriessecretlookingtextverbatim,engine域「FailureClass」的独立行为：in流式错误blockcarriessecretlookingtextverbatim（源用例 inStreamErrorBlockCarriesSecretLookingTextVerbatim）,用例,engine/api,inStreamErrorBlockCarriesSecretLookingTextVerbatim
304,engine.http.FailureClass#plain in stream error keeps code and type,engine·纯文本in流式错误keepscodeand类型,engine域「FailureClass」的独立行为：纯文本in流式错误keepscodeand类型（源用例 plainInStreamErrorKeepsCodeAndType）,用例,engine/api,plainInStreamErrorKeepsCodeAndType
305,engine.http.FailureClass#http status codes lead to different next steps,engine·httpstatuscodesleadtodifferentnextsteps,engine域「FailureClass」的独立行为：httpstatuscodesleadtodifferentnextsteps（源用例 httpStatusCodesLeadToDifferentNextSteps）,用例,engine/api,httpStatusCodesLeadToDifferentNextSteps
306,engine.http.FailureClass#unknown status still says something useful,engine·unknownstatusstillsayssomethinguseful,engine域「FailureClass」的独立行为：unknownstatusstillsayssomethinguseful（源用例 unknownStatusStillSaysSomethingUseful）,用例,engine/api,unknownStatusStillSaysSomethingUseful
307,engine.http.FailureClass#api error combines code and type without leading junk,engine·api错误combinescodeand类型without开头junk,engine域「FailureClass」的独立行为：api错误combinescodeand类型without开头junk（源用例 apiErrorCombinesCodeAndTypeWithoutLeadingJunk）,用例,engine/api,apiErrorCombinesCodeAndTypeWithoutLeadingJunk
308,engine.http.FailureClass#sse parse keeps an excerpt instead of swallowing it,engine·sse解析keepsanexcerptinsteadofswallowingit,engine域「FailureClass」的独立行为：sse解析keepsanexcerptinsteadofswallowingit（源用例 sseParseKeepsAnExcerptInsteadOfSwallowingIt）,用例,engine/api,sseParseKeepsAnExcerptInsteadOfSwallowingIt
309,engine.http.FailureClass#incomplete stream says provably incomplete,engine·incomplete流式saysprovablyincomplete,engine域「FailureClass」的独立行为：incomplete流式saysprovablyincomplete（源用例 incompleteStreamSaysProvablyIncomplete）,用例,engine/api,incompleteStreamSaysProvablyIncomplete
310,engine.http.FailureClass#truncated says which knob to turn,engine·truncatedsayswhichknobtoturn,engine域「FailureClass」的独立行为：truncatedsayswhichknobtoturn（源用例 truncatedSaysWhichKnobToTurn）,用例,engine/api,truncatedSaysWhichKnobToTurn
311,engine.http.FailureClass#transcription names its own kind,engine·transcriptionnamesitsownkind,engine域「FailureClass」的独立行为：transcriptionnamesitsownkind（源用例 transcriptionNamesItsOwnKind）,用例,engine/api,transcriptionNamesItsOwnKind
312,engine.http.FailureClass#config and cancelled read like human speech,engine·configandcancelledreadlikehumanspeech,engine域「FailureClass」的独立行为：configandcancelledreadlikehumanspeech（源用例 configAndCancelledReadLikeHumanSpeech）,用例,engine/api,configAndCancelledReadLikeHumanSpeech
313,engine.http.FailureClass#unknown exception carries the key it carried,engine·unknownexceptioncarriesthekeyitcarried,engine域「FailureClass」的独立行为：unknownexceptioncarriesthekeyitcarried（源用例 unknownExceptionCarriesTheKeyItCarried）,用例,engine/api,unknownExceptionCarriesTheKeyItCarried
314,engine.http.FailureClass#long provider messages get folded and truncated,engine·超长providermessagesgetfoldedandtruncated,engine域「FailureClass」的独立行为：超长providermessagesgetfoldedandtruncated（源用例 longProviderMessagesGetFoldedAndTruncated）,用例,engine/api,longProviderMessagesGetFoldedAndTruncated
315,engine.http.FailureClass#plaintext passes through verbatim,engine·plaintextpassesthroughverbatim,engine域「FailureClass」的独立行为：plaintextpassesthroughverbatim（源用例 plaintextPassesThroughVerbatim）,用例,engine/api,plaintextPassesThroughVerbatim
316,engine.http.FailureClass#dated model name passes through verbatim,engine·datedmodel命名passesthroughverbatim,engine域「FailureClass」的独立行为：datedmodel命名passesthroughverbatim（源用例 datedModelNamePassesThroughVerbatim）,用例,engine/api,datedModelNamePassesThroughVerbatim
317,engine.http.FailureClass#gateway context overflow gets chinese guidance and keeps evidence,engine·gatewaycontext溢出getschineseguidanceandkeepsevidence,engine域「FailureClass」的独立行为：gatewaycontext溢出getschineseguidanceandkeepsevidence（源用例 gatewayContextOverflowGetsChineseGuidanceAndKeepsEvidence）,用例,engine/api,gatewayContextOverflowGetsChineseGuidanceAndKeepsEvidence
318,engine.http.FailureClass#context overflow without evidence still says the way out,engine·context溢出withoutevidencestillsaysthewayout,engine域「FailureClass」的独立行为：context溢出withoutevidencestillsaysthewayout（源用例 contextOverflowWithoutEvidenceStillSaysTheWayOut）,用例,engine/api,contextOverflowWithoutEvidenceStillSaysTheWayOut
319,engine.generation.GenerationSlot#chat request has open ai shape and sends stream flag,engine·chatrequesthas打开aishapeandsends流式flag,engine域「GenerationSlot」的独立行为：chatrequesthas打开aishapeandsends流式flag（源用例 chatRequestHasOpenAiShapeAndSendsStreamFlag）,用例,engine/api,chatRequestHasOpenAiShapeAndSendsStreamFlag
320,engine.generation.GenerationSlot#base url with version segment is not padded again,engine·基址网址with版本segmentisnotpaddedagain,engine域「GenerationSlot」的独立行为：基址网址with版本segmentisnotpaddedagain（源用例 baseUrlWithVersionSegmentIsNotPaddedAgain）,用例,engine/api,baseUrlWithVersionSegmentIsNotPaddedAgain
321,engine.generation.GenerationSlot#optional params appear only when given,engine·optionalparamsappearonly分支given,engine域「GenerationSlot」的独立行为：optionalparamsappearonly分支given（源用例 optionalParamsAppearOnlyWhenGiven）,用例,engine/api,optionalParamsAppearOnlyWhenGiven
322,engine.generation.GenerationSlot#auth header carries bearer only when key present,engine·auth请求头carriesbeareronly分支keypresent,engine域「GenerationSlot」的独立行为：auth请求头carriesbeareronly分支keypresent（源用例 authHeaderCarriesBearerOnlyWhenKeyPresent）,用例,engine/api,authHeaderCarriesBearerOnlyWhenKeyPresent
323,engine.generation.GenerationSlot#list models accepts data array shape,engine·列表modelsaccepts数据类arrayshape,engine域「GenerationSlot」的独立行为：列表modelsaccepts数据类arrayshape（源用例 listModelsAcceptsDataArrayShape）,用例,engine/api,listModelsAcceptsDataArrayShape
324,engine.generation.GenerationSlot#list models accepts models field and bare array shapes,engine·列表modelsacceptsmodelsfieldandbarearrayshapes,engine域「GenerationSlot」的独立行为：列表modelsacceptsmodelsfieldandbarearrayshapes（源用例 listModelsAcceptsModelsFieldAndBareArrayShapes）,用例,engine/api,listModelsAcceptsModelsFieldAndBareArrayShapes
325,engine.generation.GenerationSlot#list models on gibbage says empty rather than inventing names,engine·列表modelsongibbagesays空值ratherthaninventingnames,engine域「GenerationSlot」的独立行为：列表modelsongibbagesays空值ratherthaninventingnames（源用例 listModelsOnGibbageSaysEmptyRatherThanInventingNames）,用例,engine/api,listModelsOnGibbageSaysEmptyRatherThanInventingNames
326,engine.generation.GenerationSlot#list models retries free endpoint but chat stays costly guarded,engine·列表modelsretriesfreeendpointbutchatstayscostlyguarded,engine域「GenerationSlot」的独立行为：列表modelsretriesfreeendpointbutchatstayscostlyguarded（源用例 listModelsRetriesFreeEndpointButChatStaysCostlyGuarded）,用例,engine/api,listModelsRetriesFreeEndpointButChatStaysCostlyGuarded
327,engine.generation.GenerationSlot#chat refuses locally when base url or history empty,engine·chatrefuseslocally分支基址网址or历史空值,engine域「GenerationSlot」的独立行为：chatrefuseslocally分支基址网址or历史空值（源用例 chatRefusesLocallyWhenBaseUrlOrHistoryEmpty）,用例,engine/api,chatRefusesLocallyWhenBaseUrlOrHistoryEmpty
328,engine.generation.GenerationSlot#list models surfaces provider error shape,engine·列表modelssurfacesprovider错误shape,engine域「GenerationSlot」的独立行为：列表modelssurfacesprovider错误shape（源用例 listModelsSurfacesProviderErrorShape）,用例,engine/api,listModelsSurfacesProviderErrorShape
329,engine.generation.GenerationSlot#endpoint join never doubles slash,engine·endpointjoinneverdoublesslash,engine域「GenerationSlot」的独立行为：endpointjoinneverdoublesslash（源用例 endpointJoinNeverDoublesSlash）,用例,engine/api,endpointJoinNeverDoublesSlash
330,engine.generation.GenerationSlot#gemini uses native url headers and streams text,engine·geminiusesnative网址headersandstreamstext,engine域「GenerationSlot」的独立行为：geminiusesnative网址headersandstreamstext（源用例 geminiUsesNativeUrlHeadersAndStreamsText）,用例,engine/api,geminiUsesNativeUrlHeadersAndStreamsText
331,engine.generation.GenerationSlot#anthropic assembles streaming tool call,engine·anthropicassemblesstreamingtoolcall,engine域「GenerationSlot」的独立行为：anthropicassemblesstreamingtoolcall（源用例 anthropicAssemblesStreamingToolCall）,用例,engine/api,anthropicAssemblesStreamingToolCall
332,engine.generation.GenerationSlot#ollama uses tags and chat endpoints,engine·ollamausestagsandchatendpoints,engine域「GenerationSlot」的独立行为：ollamausestagsandchatendpoints（源用例 ollamaUsesTagsAndChatEndpoints）,用例,engine/api,ollamaUsesTagsAndChatEndpoints
333,engine.generation.GenerationSlot#incomplete native stream is not reported as success,engine·incompletenative流式isnotreportedassuccess,engine域「GenerationSlot」的独立行为：incompletenative流式isnotreportedassuccess（源用例 incompleteNativeStreamIsNotReportedAsSuccess）,用例,engine/api,incompleteNativeStreamIsNotReportedAsSuccess
334,T:ProviderHttpErrorTest#open ai standard shape,engine·打开aistandardshape,engine域「T:ProviderHttpErrorTest」的独立行为：打开aistandardshape（源用例 openAiStandardShape）,用例,engine/api,openAiStandardShape
335,T:ProviderHttpErrorTest#error as plain string is still read,engine·错误as纯文本字符串isstillread,engine域「T:ProviderHttpErrorTest」的独立行为：错误as纯文本字符串isstillread（源用例 errorAsPlainStringIsStillRead）,用例,engine/api,errorAsPlainStringIsStillRead
336,T:ProviderHttpErrorTest#other common field names are recognized,engine·othercommonfieldnamesarerecognized,engine域「T:ProviderHttpErrorTest」的独立行为：othercommonfieldnamesarerecognized（源用例 otherCommonFieldNamesAreRecognized）,用例,engine/api,otherCommonFieldNamesAreRecognized
337,T:ProviderHttpErrorTest#grpc style status is used as type,engine·grpcstylestatusisusedas类型,engine域「T:ProviderHttpErrorTest」的独立行为：grpcstylestatusisusedas类型（源用例 grpcStyleStatusIsUsedAsType）,用例,engine/api,grpcStyleStatusIsUsedAsType
338,T:ProviderHttpErrorTest#html and garbage bodies fall back to raw text,engine·htmlandgarbagebodiesfallbacktorawtext,engine域「T:ProviderHttpErrorTest」的独立行为：htmlandgarbagebodiesfallbacktorawtext（源用例 htmlAndGarbageBodiesFallBackToRawText）,用例,engine/api,htmlAndGarbageBodiesFallBackToRawText
339,T:ProviderHttpErrorTest#empty and blank bodies give null,engine·空值andblankbodiesgivenull,engine域「T:ProviderHttpErrorTest」的独立行为：空值andblankbodiesgivenull（源用例 emptyAndBlankBodiesGiveNull）,用例,engine/api,emptyAndBlankBodiesGiveNull
340,T:ProviderHttpErrorTest#a plain json string body becomes the message,engine·a纯文本JSON字符串消息体becomesthe消息,engine域「T:ProviderHttpErrorTest」的独立行为：a纯文本JSON字符串消息体becomesthe消息（源用例 aPlainJsonStringBodyBecomesTheMessage）,用例,engine/api,aPlainJsonStringBodyBecomesTheMessage
341,T:ProviderHttpErrorTest#missing body still names the status code,engine·缺失消息体stillnamesthestatuscode,engine域「T:ProviderHttpErrorTest」的独立行为：缺失消息体stillnamesthestatuscode（源用例 missingBodyStillNamesTheStatusCode）,用例,engine/api,missingBodyStillNamesTheStatusCode
342,T:ProviderHttpErrorTest#unreadable body says so instead of showing nothing,engine·unreadable消息体sayssoinsteadofshowingnothing,engine域「T:ProviderHttpErrorTest」的独立行为：unreadable消息体sayssoinsteadofshowingnothing（源用例 unreadableBodySaysSoInsteadOfShowingNothing）,用例,engine/api,unreadableBodySaysSoInsteadOfShowingNothing
343,T:ProviderHttpErrorTest#code falls back to http status,engine·codefallsbacktohttpstatus,engine域「T:ProviderHttpErrorTest」的独立行为：codefallsbacktohttpstatus（源用例 codeFallsBackToHttpStatus）,用例,engine/api,codeFallsBackToHttpStatus
344,T:ProviderHttpErrorTest#echoed api key inside provider message reaches ui verbatim,engine·echoedapikeyinsideprovider消息reachesuiverbatim,engine域「T:ProviderHttpErrorTest」的独立行为：echoedapikeyinsideprovider消息reachesuiverbatim（源用例 echoedApiKeyInsideProviderMessageReachesUiVerbatim）,用例,engine/api,echoedApiKeyInsideProviderMessageReachesUiVerbatim
345,T:ProviderHttpErrorTest#structured error message only accepts structured ones,engine·structured错误消息onlyacceptsstructuredones,engine域「T:ProviderHttpErrorTest」的独立行为：structured错误消息onlyacceptsstructuredones（源用例 structuredErrorMessageOnlyAcceptsStructuredOnes）,用例,engine/api,structuredErrorMessageOnlyAcceptsStructuredOnes
346,engine.generation.GenerationSlot#tools array goes into request body and schema stays intact,engine·toolsarraygoesintorequest消息体and表结构staysintact,engine域「GenerationSlot」的独立行为：toolsarraygoesintorequest消息体and表结构staysintact（源用例 toolsArrayGoesIntoRequestBodyAndSchemaStaysIntact）,用例,engine/api,toolsArrayGoesIntoRequestBodyAndSchemaStaysIntact
347,engine.generation.GenerationSlot#tool call turns keep ids and shapes,engine·toolcallturnskeepidsandshapes,engine域「GenerationSlot」的独立行为：toolcallturnskeepidsandshapes（源用例 toolCallTurnsKeepIdsAndShapes）,用例,engine/api,toolCallTurnsKeepIdsAndShapes
348,engine.generation.GenerationSlot#streamed fragments assemble into tool calls outcome,engine·streamedfragmentsassembleintotoolcallsoutcome,engine域「GenerationSlot」的独立行为：streamedfragmentsassembleintotoolcallsoutcome（源用例 streamedFragmentsAssembleIntoToolCallsOutcome）,用例,engine/api,streamedFragmentsAssembleIntoToolCallsOutcome
349,engine.generation.GenerationSlot#length truncation beats tool calls,engine·lengthtruncationbeatstoolcalls,engine域「GenerationSlot」的独立行为：lengthtruncationbeatstoolcalls（源用例 lengthTruncationBeatsToolCalls）,用例,engine/api,lengthTruncationBeatsToolCalls
350,engine.generation.GenerationSlot#broken stream while writing tool call says so in evidence,engine·broken流式whilewritingtoolcallsayssoinevidence,engine域「GenerationSlot」的独立行为：broken流式whilewritingtoolcallsayssoinevidence（源用例 brokenStreamWhileWritingToolCallSaysSoInEvidence）,用例,engine/api,brokenStreamWhileWritingToolCallSaysSoInEvidence
351,engine.generation.GenerationSlot#non streaming message shape also carries tool calls,engine·nonstreaming消息shapealsocarriestoolcalls,engine域「GenerationSlot」的独立行为：nonstreaming消息shapealsocarriestoolcalls（源用例 nonStreamingMessageShapeAlsoCarriesToolCalls）,用例,engine/api,nonStreamingMessageShapeAlsoCarriesToolCalls
352,engine.generation.GenerationSlot#legacy chat without tools refuses tool call replies,engine·legacychatwithouttoolsrefusestoolcallreplies,engine域「GenerationSlot」的独立行为：legacychatwithouttoolsrefusestoolcallreplies（源用例 legacyChatWithoutToolsRefusesToolCallReplies）,用例,engine/api,legacyChatWithoutToolsRefusesToolCallReplies
353,engine.generation.GenerationSlot#bad schema falls back to empty object instead of killing the request,engine·bad表结构fallsbackto空值单例insteadofkillingtherequest,engine域「GenerationSlot」的独立行为：bad表结构fallsbackto空值单例insteadofkillingtherequest（源用例 badSchemaFallsBackToEmptyObjectInsteadOfKillingTheRequest）,用例,engine/api,badSchemaFallsBackToEmptyObjectInsteadOfKillingTheRequest
354,engine.generation.GenerationSlot#empty tools list keeps old request shape,engine·空值tools列表keepsoldrequestshape,engine域「GenerationSlot」的独立行为：空值tools列表keepsoldrequestshape（源用例 emptyToolsListKeepsOldRequestShape）,用例,engine/api,emptyToolsListKeepsOldRequestShape
355,engine.generation.GenerationSlot#plain text outcome stays text even with tools offered,engine·纯文本textoutcomestaystextevenwithtoolsoffered,engine域「GenerationSlot」的独立行为：纯文本textoutcomestaystextevenwithtoolsoffered（源用例 plainTextOutcomeStaysTextEvenWithToolsOffered）,用例,engine/api,plainTextOutcomeStaysTextEvenWithToolsOffered
356,T:ApkInspectorTest#magic and entries listed,engine·magicandentrieslisted,engine域「T:ApkInspectorTest」的独立行为：magicandentrieslisted（源用例 magicAndEntriesListed）,用例,engine/apk,magicAndEntriesListed
357,T:ApkInspectorTest#abi splits detected from lib paths,engine·ABI架构分包detectedfrom原生库paths,engine域「T:ApkInspectorTest」的独立行为：ABI架构分包detectedfrom原生库paths（源用例 abiSplitsDetectedFromLibPaths）,用例,engine/apk,abiSplitsDetectedFromLibPaths
358,T:ApkInspectorTest#duplicate crc grouped,engine·重复项CRC校验grouped,engine域「T:ApkInspectorTest」的独立行为：重复项CRC校验grouped（源用例 duplicateCrcGrouped）,用例,engine/apk,duplicateCrcGrouped
359,T:ApkInspectorTest#no abi when no lib dir,engine·noABI架构分支no原生库方向,engine域「T:ApkInspectorTest」的独立行为：noABI架构分支no原生库方向（源用例 noAbiWhenNoLibDir）,用例,engine/apk,noAbiWhenNoLibDir
360,T:ApkInspectorTest#not an apk still reports with magic down,engine·notanapkstillreportswithmagicdown,engine域「T:ApkInspectorTest」的独立行为：notanapkstillreportswithmagicdown（源用例 notAnApkStillReportsWithMagicDown）,用例,engine/apk,notAnApkStillReportsWithMagicDown
361,T:CronExpressionTest#parse field shapes,engine·解析fieldshapes,engine域「T:CronExpressionTest」的独立行为：解析fieldshapes（源用例 parseFieldShapes）,用例,engine/automation,parseFieldShapes
362,T:CronExpressionTest#next every minute walks strictly after,engine·nexteveryminutewalksstrictlyafter,engine域「T:CronExpressionTest」的独立行为：nexteveryminutewalksstrictlyafter（源用例 nextEveryMinuteWalksStrictlyAfter）,用例,engine/automation,nextEveryMinuteWalksStrictlyAfter
363,T:CronExpressionTest#next daily nine,engine·nextdailynine,engine域「T:CronExpressionTest」的独立行为：nextdailynine（源用例 nextDailyNine）,用例,engine/automation,nextDailyNine
364,T:CronExpressionTest#next step minutes,engine·nextstepminutes,engine域「T:CronExpressionTest」的独立行为：nextstepminutes（源用例 nextStepMinutes）,用例,engine/automation,nextStepMinutes
365,T:CronExpressionTest#next day of week sunday,engine·nextdayofweeksunday,engine域「T:CronExpressionTest」的独立行为：nextdayofweeksunday（源用例 nextDayOfWeekSunday）,用例,engine/automation,nextDayOfWeekSunday
366,T:CronExpressionTest#vixie or rule when both restricted,engine·vixieorrule分支bothrestricted,engine域「T:CronExpressionTest」的独立行为：vixieorrule分支bothrestricted（源用例 vixieOrRuleWhenBothRestricted）,用例,engine/automation,vixieOrRuleWhenBothRestricted
367,T:CronExpressionTest#february 29 horizon,engine·february29horizon,engine域「T:CronExpressionTest」的独立行为：february29horizon（源用例 february29Horizon）,用例,engine/automation,february29Horizon
368,T:CronExpressionTest#list and range compose,engine·列表andrangecompose,engine域「T:CronExpressionTest」的独立行为：列表andrangecompose（源用例 listAndRangeCompose）,用例,engine/automation,listAndRangeCompose
369,T:TaskStoreTest#create validates cron and computes next run,engine·创建validatescronandcomputesnextrun,engine域「T:TaskStoreTest」的独立行为：创建validatescronandcomputesnextrun（源用例 createValidatesCronAndComputesNextRun）,用例,engine/automation,createValidatesCronAndComputesNextRun
370,T:TaskStoreTest#find by unique id or unique name and reject ambiguous name,engine·查找byuniqueidorunique命名andrejectambiguous命名,engine域「T:TaskStoreTest」的独立行为：查找byuniqueidorunique命名andrejectambiguous命名（源用例 findByUniqueIdOrUniqueNameAndRejectAmbiguousName）,用例,engine/automation,findByUniqueIdOrUniqueNameAndRejectAmbiguousName
371,T:TaskStoreTest#disable keeps record enable recomputes,engine·disablekeepsrecordenablerecomputes,engine域「T:TaskStoreTest」的独立行为：disablekeepsrecordenablerecomputes（源用例 disableKeepsRecordEnableRecomputes）,用例,engine/automation,disableKeepsRecordEnableRecomputes
372,T:TaskStoreTest#record run books last and next,engine·recordrunbookslastandnext,engine域「T:TaskStoreTest」的独立行为：recordrunbookslastandnext（源用例 recordRunBooksLastAndNext）,用例,engine/automation,recordRunBooksLastAndNext
373,T:TaskStoreTest#bad lines counted not fatal,engine·badlinescountednotfatal,engine域「T:TaskStoreTest」的独立行为：badlinescountednotfatal（源用例 badLinesCountedNotFatal）,用例,engine/automation,badLinesCountedNotFatal
374,T:TaskStoreTest#atomic rewrite survives,engine·原子rewritesurvives,engine域「T:TaskStoreTest」的独立行为：原子rewritesurvives（源用例 atomicRewriteSurvives）,用例,engine/automation,atomicRewriteSurvives
375,engine.store.StoredMsg#full plan maps provider flags prompt and sessions with honest notes,engine·fullplanmapsproviderflagspromptandsessionswithhonestnotes,engine域「StoredMsg」的独立行为：fullplanmapsproviderflagspromptandsessionswithhonestnotes（源用例 fullPlanMapsProviderFlagsPromptAndSessionsWithHonestNotes）,用例,engine/backup,fullPlanMapsProviderFlagsPromptAndSessionsWithHonestNotes
376,engine.store.StoredMsg#non agora zip is refused without touching anything,engine·nonagora压缩包isrefusedwithouttouchinganything,engine域「StoredMsg」的独立行为：nonagora压缩包isrefusedwithouttouchinganything（源用例 nonAgoraZipIsRefusedWithoutTouchingAnything）,用例,engine/backup,nonAgoraZipIsRefusedWithoutTouchingAnything
377,engine.store.StoredMsg#duplicate conversation ids get suffixes instead of overwriting,engine·重复项conversationidsgetsuffixesinsteadofoverwriting,engine域「StoredMsg」的独立行为：重复项conversationidsgetsuffixesinsteadofoverwriting（源用例 duplicateConversationIdsGetSuffixesInsteadOfOverwriting）,用例,engine/backup,duplicateConversationIdsGetSuffixesInsteadOfOverwriting
378,T:BackupArchiveTest#round trip keeps everything verbatim,engine·取整tripkeepseverythingverbatim,engine域「T:BackupArchiveTest」的独立行为：取整tripkeepseverythingverbatim（源用例 roundTripKeepsEverythingVerbatim）,用例,engine/backup,roundTripKeepsEverythingVerbatim
379,T:BackupArchiveTest#empty backup still carries identity,engine·空值backupstillcarriesidentity,engine域「T:BackupArchiveTest」的独立行为：空值backupstillcarriesidentity（源用例 emptyBackupStillCarriesIdentity）,用例,engine/backup,emptyBackupStillCarriesIdentity
380,T:BackupArchiveTest#foreign zip is not ours and gets listed,engine·foreign压缩包isnotoursandgetslisted,engine域「T:BackupArchiveTest」的独立行为：foreign压缩包isnotoursandgetslisted（源用例 foreignZipIsNotOursAndGetsListed）,用例,engine/backup,foreignZipIsNotOursAndGetsListed
381,T:BackupArchiveTest#dangerous session ids are refused on write,engine·dangeroussessionidsarerefusedonwrite,engine域「T:BackupArchiveTest」的独立行为：dangeroussessionidsarerefusedonwrite（源用例 dangerousSessionIdsAreRefusedOnWrite）,用例,engine/backup,dangerousSessionIdsAreRefusedOnWrite
382,T:BackupArchiveTest#unsafe session entry is skipped on read,engine·unsafesession条目isskippedonread,engine域「T:BackupArchiveTest」的独立行为：unsafesession条目isskippedonread（源用例 unsafeSessionEntryIsSkippedOnRead）,用例,engine/backup,unsafeSessionEntryIsSkippedOnRead
383,T:BackupArchiveTest#truncated callback still advances,engine·truncatedcallbackstilladvances,engine域「T:BackupArchiveTest」的独立行为：truncatedcallbackstilladvances（源用例 truncatedCallbackStillAdvances）,用例,engine/backup,truncatedCallbackStillAdvances
384,T:BackupProgressTest#write reports one tick per session with total,engine·writereportsonetickpersessionwithtotal,engine域「T:BackupProgressTest」的独立行为：writereportsonetickpersessionwithtotal（源用例 writeReportsOneTickPerSessionWithTotal）,用例,engine/backup,writeReportsOneTickPerSessionWithTotal
385,T:BackupProgressTest#read reports handled sessions in order,engine·readreportshandledsessionsin排序,engine域「T:BackupProgressTest」的独立行为：readreportshandledsessionsin排序（源用例 readReportsHandledSessionsInOrder）,用例,engine/backup,readReportsHandledSessionsInOrder
386,T:GenerationSlotTest#four hour transfer with steady bytes never stalls,engine·fourhourtransferwithsteadybytesneverstalls,engine域「T:GenerationSlotTest」的独立行为：fourhourtransferwithsteadybytesneverstalls（源用例 fourHourTransferWithSteadyBytesNeverStalls）,用例,engine/generation,fourHourTransferWithSteadyBytesNeverStalls
387,T:GenerationSlotTest#silence past limit is stalled exactly at boundary,engine·silencepast上限isstalledexactlyatboundary,engine域「T:GenerationSlotTest」的独立行为：silencepast上限isstalledexactlyatboundary（源用例 silencePastLimitIsStalledExactlyAtBoundary）,用例,engine/generation,silencePastLimitIsStalledExactlyAtBoundary
388,T:GenerationSlotTest#unlimited mode never stalls but must be chosen on purpose,engine·unlimitedmodeneverstallsbutmustbechosenonpurpose,engine域「T:GenerationSlotTest」的独立行为：unlimitedmodeneverstallsbutmustbechosenonpurpose（源用例 unlimitedModeNeverStallsButMustBeChosenOnPurpose）,用例,engine/generation,unlimitedModeNeverStallsButMustBeChosenOnPurpose
389,T:GenerationSlotTest#restart forgives the new connection,engine·restartforgivesthenewconnection,engine域「T:GenerationSlotTest」的独立行为：restartforgivesthenewconnection（源用例 restartForgivesTheNewConnection）,用例,engine/generation,restartForgivesTheNewConnection
390,T:GenerationSlotTest#negative limit is rejected at the call site,engine·negative上限isrejectedatthecallsite,engine域「T:GenerationSlotTest」的独立行为：negative上限isrejectedatthecallsite（源用例 negativeLimitIsRejectedAtTheCallSite）,用例,engine/generation,negativeLimitIsRejectedAtTheCallSite
391,T:GenerationSlotTest#default tiers are pinned,engine·默认tiersarepinned,engine域「T:GenerationSlotTest」的独立行为：默认tiersarepinned（源用例 defaultTiersArePinned）,用例,engine/generation,defaultTiersArePinned
392,T:GenerationSlotTest#single holder only and queue when busy,engine·singleholderonlyand队列分支busy,engine域「T:GenerationSlotTest」的独立行为：singleholderonlyand队列分支busy（源用例 singleHolderOnlyAndQueueWhenBusy）,用例,engine/generation,singleHolderOnlyAndQueueWhenBusy
393,T:GenerationSlotTest#stale token cannot free new holders slot,engine·stale令牌cannotfreenewholdersslot,engine域「T:GenerationSlotTest」的独立行为：stale令牌cannotfreenewholdersslot（源用例 staleTokenCannotFreeNewHoldersSlot）,用例,engine/generation,staleTokenCannotFreeNewHoldersSlot
394,T:GenerationSlotTest#attach swaps handle without changing token,engine·attachswapshandlewithoutchanging令牌,engine域「T:GenerationSlotTest」的独立行为：attachswapshandlewithoutchanging令牌（源用例 attachSwapsHandleWithoutChangingToken）,用例,engine/generation,attachSwapsHandleWithoutChangingToken
395,T:GenerationSlotTest#stop is idempotent and voiced,engine·stopisidempotentandvoiced,engine域「T:GenerationSlotTest」的独立行为：stopisidempotentandvoiced（源用例 stopIsIdempotentAndVoiced）,用例,engine/generation,stopIsIdempotentAndVoiced
396,T:GenerationSlotTest#cancel failure is reported and still frees the slot,engine·取消failureisreportedandstillfreestheslot,engine域「T:GenerationSlotTest」的独立行为：取消failureisreportedandstillfreestheslot（源用例 cancelFailureIsReportedAndStillFreesTheSlot）,用例,engine/generation,cancelFailureIsReportedAndStillFreesTheSlot
397,T:GenerationSlotTest#run guarded releases slot when block throws,engine·runguardedreleasesslot分支blockthrows,engine域「T:GenerationSlotTest」的独立行为：runguardedreleasesslot分支blockthrows（源用例 runGuardedReleasesSlotWhenBlockThrows）,用例,engine/generation,runGuardedReleasesSlotWhenBlockThrows
398,T:GenerationSlotTest#run guarded voices stranding when superseded,engine·runguardedvoicesstranding分支superseded,engine域「T:GenerationSlotTest」的独立行为：runguardedvoicesstranding分支superseded（源用例 runGuardedVoicesStrandingWhenSuperseded）,用例,engine/generation,runGuardedVoicesStrandingWhenSuperseded
399,T:GenerationSlotTest#run guarded returns value and frees slot,engine·runguardedreturnsvalueandfreesslot,engine域「T:GenerationSlotTest」的独立行为：runguardedreturnsvalueandfreesslot（源用例 runGuardedReturnsValueAndFreesSlot）,用例,engine/generation,runGuardedReturnsValueAndFreesSlot
400,T:GenerationSlotTest#run guarded still releases when user stopped midway,engine·runguardedstillreleases分支userstoppedmidway,engine域「T:GenerationSlotTest」的独立行为：runguardedstillreleases分支userstoppedmidway（源用例 runGuardedStillReleasesWhenUserStoppedMidway）,用例,engine/generation,runGuardedStillReleasesWhenUserStoppedMidway
401,T:GenerationSlotTest#slot uses watchdog and beat clears it,engine·slotuseswatchdogandbeatclearsit,engine域「T:GenerationSlotTest」的独立行为：slotuseswatchdogandbeatclearsit（源用例 slotUsesWatchdogAndBeatClearsIt）,用例,engine/generation,slotUsesWatchdogAndBeatClearsIt
402,T:GenerationSlotTest#slot without watchdog never stalls,engine·slotwithoutwatchdogneverstalls,engine域「T:GenerationSlotTest」的独立行为：slotwithoutwatchdogneverstalls（源用例 slotWithoutWatchdogNeverStalls）,用例,engine/generation,slotWithoutWatchdogNeverStalls
403,T:GitHubAuthClientTest#blank token is refused without touching network,engine·blank令牌isrefusedwithouttouchingnetwork,engine域「T:GitHubAuthClientTest」的独立行为：blank令牌isrefusedwithouttouchingnetwork（源用例 blankTokenIsRefusedWithoutTouchingNetwork）,用例,engine/github,blankTokenIsRefusedWithoutTouchingNetwork
404,T:GitHubAuthClientTest#success reads login and scopes and proves token went into the header,engine·successreadsloginandscopesandproves令牌wentintothe请求头,engine域「T:GitHubAuthClientTest」的独立行为：successreadsloginandscopesandproves令牌wentintothe请求头（源用例 successReadsLoginAndScopesAndProvesTokenWentIntoTheHeader）,用例,engine/github,successReadsLoginAndScopesAndProvesTokenWentIntoTheHeader
405,T:GitHubAuthClientTest#missing scope header means not declared not failure,engine·缺失作用域请求头meansnotdeclarednotfailure,engine域「T:GitHubAuthClientTest」的独立行为：缺失作用域请求头meansnotdeclarednotfailure（源用例 missingScopeHeaderMeansNotDeclaredNotFailure）,用例,engine/github,missingScopeHeaderMeansNotDeclaredNotFailure
406,T:GitHubAuthClientTest#unauthorized carries regeneration advice,engine·unauthorizedcarriesregenerationadvice,engine域「T:GitHubAuthClientTest」的独立行为：unauthorizedcarriesregenerationadvice（源用例 unauthorizedCarriesRegenerationAdvice）,用例,engine/github,unauthorizedCarriesRegenerationAdvice
407,T:GitHubAuthClientTest#forbidden says rate limit or revoked,engine·forbiddensaysrate上限orrevoked,engine域「T:GitHubAuthClientTest」的独立行为：forbiddensaysrate上限orrevoked（源用例 forbiddenSaysRateLimitOrRevoked）,用例,engine/github,forbiddenSaysRateLimitOrRevoked
408,T:GitHubAuthClientTest#network down is human and names the cause,engine·networkdownishumanandnamesthecause,engine域「T:GitHubAuthClientTest」的独立行为：networkdownishumanandnamesthecause（源用例 networkDownIsHumanAndNamesTheCause）,用例,engine/github,networkDownIsHumanAndNamesTheCause
409,T:GitHubAuthClientTest#unreadable body says so instead of inventing a login,engine·unreadable消息体sayssoinsteadofinventingalogin,engine域「T:GitHubAuthClientTest」的独立行为：unreadable消息体sayssoinsteadofinventingalogin（源用例 unreadableBodySaysSoInsteadOfInventingALogin）,用例,engine/github,unreadableBodySaysSoInsteadOfInventingALogin
410,T:GitHubAuthClientTest#login missing from body is not a token failure but is still voiced,engine·login缺失from消息体isnota令牌failurebutisstillvoiced,engine域「T:GitHubAuthClientTest」的独立行为：login缺失from消息体isnota令牌failurebutisstillvoiced（源用例 loginMissingFromBodyIsNotATokenFailureButIsStillVoiced）,用例,engine/github,loginMissingFromBodyIsNotATokenFailureButIsStillVoiced
411,T:GitHubCiClientTest#runs parse counts bad entries and never fakes success,engine·runs解析countsbadentriesandneverfakessuccess,engine域「T:GitHubCiClientTest」的独立行为：runs解析countsbadentriesandneverfakessuccess（源用例 runsParseCountsBadEntriesAndNeverFakesSuccess）,用例,engine/github,runsParseCountsBadEntriesAndNeverFakesSuccess
412,T:GitHubCiClientTest#failures say the status and never pretend a list,engine·failuressaythestatusandneverpretenda列表,engine域「T:GitHubCiClientTest」的独立行为：failuressaythestatusandneverpretenda列表（源用例 failuresSayTheStatusAndNeverPretendAList）,用例,engine/github,failuresSayTheStatusAndNeverPretendAList
413,T:GitHubCiClientTest#bad repo shapes are refused before touching network,engine·bad仓库shapesarerefusedbeforetouchingnetwork,engine域「T:GitHubCiClientTest」的独立行为：bad仓库shapesarerefusedbeforetouchingnetwork（源用例 badRepoShapesAreRefusedBeforeTouchingNetwork）,用例,engine/github,badRepoShapesAreRefusedBeforeTouchingNetwork
414,T:GitHubCiClientTest#github links are accepted and token goes only into the header,engine·githublinksareacceptedand令牌goesonlyintothe请求头,engine域「T:GitHubCiClientTest」的独立行为：githublinksareacceptedand令牌goesonlyintothe请求头（源用例 githubLinksAreAcceptedAndTokenGoesOnlyIntoTheHeader）,用例,engine/github,githubLinksAreAcceptedAndTokenGoesOnlyIntoTheHeader
415,T:GitHubCiClientTest#release check distinguishes none from broken,engine·发布检查distinguishesnonefrombroken,engine域「T:GitHubCiClientTest」的独立行为：发布检查distinguishesnonefrombroken（源用例 releaseCheckDistinguishesNoneFromBroken）,用例,engine/github,releaseCheckDistinguishesNoneFromBroken
416,T:GitHubCiClientTest#release bad repo refused without network,engine·发布bad仓库refusedwithoutnetwork,engine域「T:GitHubCiClientTest」的独立行为：发布bad仓库refusedwithoutnetwork（源用例 releaseBadRepoRefusedWithoutNetwork）,用例,engine/github,releaseBadRepoRefusedWithoutNetwork
417,T:GitHubCiClientTest#releases list parses tags in order,engine·releases列表parsestagsin排序,engine域「T:GitHubCiClientTest」的独立行为：releases列表parsestagsin排序（源用例 releasesListParsesTagsInOrder）,用例,engine/github,releasesListParsesTagsInOrder
418,T:GitHubCiClientTest#releases list error bridged,engine·releases列表错误bridged,engine域「T:GitHubCiClientTest」的独立行为：releases列表错误bridged（源用例 releasesListErrorBridged）,用例,engine/github,releasesListErrorBridged
419,T:GitHubCiClientTest#dispatch posts payload and celebrates 204,engine·dispatchpostspayloadandcelebrates204,engine域「T:GitHubCiClientTest」的独立行为：dispatchpostspayloadandcelebrates204（源用例 dispatchPostsPayloadAndCelebrates204）,用例,engine/github,dispatchPostsPayloadAndCelebrates204
420,T:GitHubCiClientTest#dispatch refuses empty workflow and ref without network,engine·dispatchrefuses空值workflowandrefwithoutnetwork,engine域「T:GitHubCiClientTest」的独立行为：dispatchrefuses空值workflowandrefwithoutnetwork（源用例 dispatchRefusesEmptyWorkflowAndRefWithoutNetwork）,用例,engine/github,dispatchRefusesEmptyWorkflowAndRefWithoutNetwork
421,T:GitHubCiClientTest#dispatch explains known failures,engine·dispatchexplainsknownfailures,engine域「T:GitHubCiClientTest」的独立行为：dispatchexplainsknownfailures（源用例 dispatchExplainsKnownFailures）,用例,engine/github,dispatchExplainsKnownFailures
422,T:GitHubPrClientTest#create pull parses key fields and posts right url,engine·创建pullparseskeyfieldsandpostsright网址,engine域「T:GitHubPrClientTest」的独立行为：创建pullparseskeyfieldsandpostsright网址（源用例 createPullParsesKeyFieldsAndPostsRightUrl）,用例,engine/github,createPullParsesKeyFieldsAndPostsRightUrl
423,T:GitHubPrClientTest#create pull failure carries provider verbatim,engine·创建pullfailurecarriesproviderverbatim,engine域「T:GitHubPrClientTest」的独立行为：创建pullfailurecarriesproviderverbatim（源用例 createPullFailureCarriesProviderVerbatim）,用例,engine/github,createPullFailureCarriesProviderVerbatim
424,T:GitHubPrClientTest#merge pull is sha pinned,engine·合并pullisSHA哈希pinned,engine域「T:GitHubPrClientTest」的独立行为：合并pullisSHA哈希pinned（源用例 mergePullIsShaPinned）,用例,engine/github,mergePullIsShaPinned
425,T:GitHubPrClientTest#merge pull fails closed on 405 already merged,engine·合并pullfailsclosedon405alreadymerged,engine域「T:GitHubPrClientTest」的独立行为：合并pullfailsclosedon405alreadymerged（源用例 mergePullFailsClosedOn405AlreadyMerged）,用例,engine/github,mergePullFailsClosedOn405AlreadyMerged
426,T:GitHubPrClientTest#pull head sha reads head object,engine·pullheadSHA哈希readshead单例,engine域「T:GitHubPrClientTest」的独立行为：pullheadSHA哈希readshead单例（源用例 pullHeadShaReadsHeadObject）,用例,engine/github,pullHeadShaReadsHeadObject
427,T:GitHubPrClientTest#repo default branch reads field,engine·仓库默认分支readsfield,engine域「T:GitHubPrClientTest」的独立行为：仓库默认分支readsfield（源用例 repoDefaultBranchReadsField）,用例,engine/github,repoDefaultBranchReadsField
428,T:GitHubRepoClientTest#list my repos without token does not touch network,engine·列表myreposwithout令牌doesnottouchnetwork,engine域「T:GitHubRepoClientTest」的独立行为：列表myreposwithout令牌doesnottouchnetwork（源用例 listMyReposWithoutTokenDoesNotTouchNetwork）,用例,engine/github,listMyReposWithoutTokenDoesNotTouchNetwork
429,T:GitHubRepoClientTest#list my repos parses summaries and counts bad entries,engine·列表myreposparsessummariesandcountsbadentries,engine域「T:GitHubRepoClientTest」的独立行为：列表myreposparsessummariesandcountsbadentries（源用例 listMyReposParsesSummariesAndCountsBadEntries）,用例,engine/github,listMyReposParsesSummariesAndCountsBadEntries
430,T:GitHubRepoClientTest#list my repos maps 403 to token advice,engine·列表myreposmaps403to令牌advice,engine域「T:GitHubRepoClientTest」的独立行为：列表myreposmaps403to令牌advice（源用例 listMyReposMaps403ToTokenAdvice）,用例,engine/github,listMyReposMaps403ToTokenAdvice
431,T:GitHubRepoClientTest#list user repos rejects bad owner before fetching,engine·列表userreposrejectsbadownerbeforefetching,engine域「T:GitHubRepoClientTest」的独立行为：列表userreposrejectsbadownerbeforefetching（源用例 listUserReposRejectsBadOwnerBeforeFetching）,用例,engine/github,listUserReposRejectsBadOwnerBeforeFetching
432,T:GitHubRepoClientTest#list user repos 404 says no such user,engine·列表userrepos404saysnosuchuser,engine域「T:GitHubRepoClientTest」的独立行为：列表userrepos404saysnosuchuser（源用例 listUserRepos404SaysNoSuchUser）,用例,engine/github,listUserRepos404SaysNoSuchUser
433,T:GitHubRepoClientTest#browse sorts dirs first and counts bad entries,engine·browsesortsdirsfirstandcountsbadentries,engine域「T:GitHubRepoClientTest」的独立行为：browsesortsdirsfirstandcountsbadentries（源用例 browseSortsDirsFirstAndCountsBadEntries）,用例,engine/github,browseSortsDirsFirstAndCountsBadEntries
434,T:GitHubRepoClientTest#browse encodes each path segment keeping slashes,engine·browseencodeseach路径segmentkeepingslashes,engine域「T:GitHubRepoClientTest」的独立行为：browseencodeseach路径segmentkeepingslashes（源用例 browseEncodesEachPathSegmentKeepingSlashes）,用例,engine/github,browseEncodesEachPathSegmentKeepingSlashes
435,T:GitHubRepoClientTest#browse bad repo shape stays offline,engine·browsebad仓库shapestaysoffline,engine域「T:GitHubRepoClientTest」的独立行为：browsebad仓库shapestaysoffline（源用例 browseBadRepoShapeStaysOffline）,用例,engine/github,browseBadRepoShapeStaysOffline
436,T:GitHubRepoClientTest#browse 404 says directory or branch wrong,engine·browse404saysdirectoryor分支wrong,engine域「T:GitHubRepoClientTest」的独立行为：browse404saysdirectoryor分支wrong（源用例 browse404SaysDirectoryOrBranchWrong）,用例,engine/github,browse404SaysDirectoryOrBranchWrong
437,T:GitHubRepoClientTest#read file decodes base 64 and carries sha,engine·read文件decodes基址64andcarriesSHA哈希,engine域「T:GitHubRepoClientTest」的独立行为：read文件decodes基址64andcarriesSHA哈希（源用例 readFileDecodesBase64AndCarriesSha）,用例,engine/github,readFileDecodesBase64AndCarriesSha
438,T:GitHubRepoClientTest#read file too big falls back to raw preview and keeps sha,engine·read文件toobigfallsbacktorawpreviewandkeepsSHA哈希,engine域「T:GitHubRepoClientTest」的独立行为：read文件toobigfallsbacktorawpreviewandkeepsSHA哈希（源用例 readFileTooBigFallsBackToRawPreviewAndKeepsSha）,用例,engine/github,readFileTooBigFallsBackToRawPreviewAndKeepsSha
439,T:GitHubRepoClientTest#read file sends ref query when given,engine·read文件sendsref查询分支given,engine域「T:GitHubRepoClientTest」的独立行为：read文件sendsref查询分支given（源用例 readFileSendsRefQueryWhenGiven）,用例,engine/github,readFileSendsRefQueryWhenGiven
440,T:GitHubRepoClientTest#read file undecodable content says so instead of garbling,engine·read文件undecodablecontentsayssoinsteadofgarbling,engine域「T:GitHubRepoClientTest」的独立行为：read文件undecodablecontentsayssoinsteadofgarbling（源用例 readFileUndecodableContentSaysSoInsteadOfGarbling）,用例,engine/github,readFileUndecodableContentSaysSoInsteadOfGarbling
441,T:GitHubRepoClientTest#read file 404 says file or branch wrong,engine·read文件404says文件or分支wrong,engine域「T:GitHubRepoClientTest」的独立行为：read文件404says文件or分支wrong（源用例 readFile404SaysFileOrBranchWrong）,用例,engine/github,readFile404SaysFileOrBranchWrong
442,T:GitHubRepoClientTest#list branches parses names and shas sorted by name,engine·列表branchesparsesnamesandshassortedby命名,engine域「T:GitHubRepoClientTest」的独立行为：列表branchesparsesnamesandshassortedby命名（源用例 listBranchesParsesNamesAndShasSortedByName）,用例,engine/github,listBranchesParsesNamesAndShasSortedByName
443,T:GitHubRepoClientTest#list branches bad repo shape stays offline,engine·列表branchesbad仓库shapestaysoffline,engine域「T:GitHubRepoClientTest」的独立行为：列表branchesbad仓库shapestaysoffline（源用例 listBranchesBadRepoShapeStaysOffline）,用例,engine/github,listBranchesBadRepoShapeStaysOffline
444,T:GitHubRepoClientTest#list commits parses first line author date and sends params,engine·列表commitsparsesfirst行号author日期andsendsparams,engine域「T:GitHubRepoClientTest」的独立行为：列表commitsparsesfirst行号author日期andsendsparams（源用例 listCommitsParsesFirstLineAuthorDateAndSendsParams）,用例,engine/github,listCommitsParsesFirstLineAuthorDateAndSendsParams
445,T:GitHubRepoClientTest#update file puts base 64 body with branch and sha,engine·更新文件puts基址64消息体with分支andSHA哈希,engine域「T:GitHubRepoClientTest」的独立行为：更新文件puts基址64消息体with分支andSHA哈希（源用例 updateFilePutsBase64BodyWithBranchAndSha）,用例,engine/github,updateFilePutsBase64BodyWithBranchAndSha
446,T:GitHubRepoClientTest#update file without sha omits the field,engine·更新文件withoutSHA哈希omitsthefield,engine域「T:GitHubRepoClientTest」的独立行为：更新文件withoutSHA哈希omitsthefield（源用例 updateFileWithoutShaOmitsTheField）,用例,engine/github,updateFileWithoutShaOmitsTheField
447,T:GitHubRepoClientTest#update file blank message is refused offline,engine·更新文件blank消息isrefusedoffline,engine域「T:GitHubRepoClientTest」的独立行为：更新文件blank消息isrefusedoffline（源用例 updateFileBlankMessageIsRefusedOffline）,用例,engine/github,updateFileBlankMessageIsRefusedOffline
448,T:GitHubRepoClientTest#update file without token is refused offline,engine·更新文件without令牌isrefusedoffline,engine域「T:GitHubRepoClientTest」的独立行为：更新文件without令牌isrefusedoffline（源用例 updateFileWithoutTokenIsRefusedOffline）,用例,engine/github,updateFileWithoutTokenIsRefusedOffline
449,T:GitHubRepoClientTest#update file conflict says reopen not overwrite,engine·更新文件conflictsaysreopennot覆盖,engine域「T:GitHubRepoClientTest」的独立行为：更新文件conflictsaysreopennot覆盖（源用例 updateFileConflictSaysReopenNotOverwrite）,用例,engine/github,updateFileConflictSaysReopenNotOverwrite
450,T:GitHubRepoClientTest#update file binary content is refused offline,engine·更新文件二进制contentisrefusedoffline,engine域「T:GitHubRepoClientTest」的独立行为：更新文件二进制contentisrefusedoffline（源用例 updateFileBinaryContentIsRefusedOffline）,用例,engine/github,updateFileBinaryContentIsRefusedOffline
451,T:GitHubRepoClientTest#runs parses workflow list for any repo,engine·runsparsesworkflow列表forany仓库,engine域「T:GitHubRepoClientTest」的独立行为：runsparsesworkflow列表forany仓库（源用例 runsParsesWorkflowListForAnyRepo）,用例,engine/github,runsParsesWorkflowListForAnyRepo
452,T:GitHubRepoClientTest#runs bad repo shape stays offline,engine·runsbad仓库shapestaysoffline,engine域「T:GitHubRepoClientTest」的独立行为：runsbad仓库shapestaysoffline（源用例 runsBadRepoShapeStaysOffline）,用例,engine/github,runsBadRepoShapeStaysOffline
453,T:GitHubRepoClientTest#run jobs parses id name status and counts bad,engine·runjobsparsesid命名statusandcountsbad,engine域「T:GitHubRepoClientTest」的独立行为：runjobsparsesid命名statusandcountsbad（源用例 runJobsParsesIdNameStatusAndCountsBad）,用例,engine/github,runJobsParsesIdNameStatusAndCountsBad
454,T:GitHubRepoClientTest#run jobs 404 says run may be cleaned,engine·runjobs404saysrunmaybecleaned,engine域「T:GitHubRepoClientTest」的独立行为：runjobs404saysrunmaybecleaned（源用例 runJobs404SaysRunMayBeCleaned）,用例,engine/github,runJobs404SaysRunMayBeCleaned
455,T:GitHubRepoClientTest#job log reads text and flags truncation,engine·任务日志readstextandflagstruncation,engine域「T:GitHubRepoClientTest」的独立行为：任务日志readstextandflagstruncation（源用例 jobLogReadsTextAndFlagsTruncation）,用例,engine/github,jobLogReadsTextAndFlagsTruncation
456,T:GitHubRepoClientTest#job log empty body says so instead of fake success,engine·任务日志空值消息体sayssoinsteadoffakesuccess,engine域「T:GitHubRepoClientTest」的独立行为：任务日志空值消息体sayssoinsteadoffakesuccess（源用例 jobLogEmptyBodySaysSoInsteadOfFakeSuccess）,用例,engine/github,jobLogEmptyBodySaysSoInsteadOfFakeSuccess
457,T:GitHubSearchClientTest#search without token stays offline,engine·搜索without令牌staysoffline,engine域「T:GitHubSearchClientTest」的独立行为：搜索without令牌staysoffline（源用例 searchWithoutTokenStaysOffline）,用例,engine/github,searchWithoutTokenStaysOffline
458,T:GitHubSearchClientTest#search with blank keyword stays offline,engine·搜索withblankkeywordstaysoffline,engine域「T:GitHubSearchClientTest」的独立行为：搜索withblankkeywordstaysoffline（源用例 searchWithBlankKeywordStaysOffline）,用例,engine/github,searchWithBlankKeywordStaysOffline
459,T:GitHubSearchClientTest#search with bad repo shape stays offline,engine·搜索withbad仓库shapestaysoffline,engine域「T:GitHubSearchClientTest」的独立行为：搜索withbad仓库shapestaysoffline（源用例 searchWithBadRepoShapeStaysOffline）,用例,engine/github,searchWithBadRepoShapeStaysOffline
460,T:GitHubSearchClientTest#search parses hits total and counts bad entries,engine·搜索parseshitstotalandcountsbadentries,engine域「T:GitHubSearchClientTest」的独立行为：搜索parseshitstotalandcountsbadentries（源用例 searchParsesHitsTotalAndCountsBadEntries）,用例,engine/github,searchParsesHitsTotalAndCountsBadEntries
461,T:GitHubSearchClientTest#search encodes spaces as percent 20 not plus,engine·搜索encodesspacesas百分比20notplus,engine域「T:GitHubSearchClientTest」的独立行为：搜索encodesspacesas百分比20notplus（源用例 searchEncodesSpacesAsPercent20NotPlus）,用例,engine/github,searchEncodesSpacesAsPercent20NotPlus
462,T:GitHubSearchClientTest#search 403 says quota not permission,engine·搜索403saysquotanot权限,engine域「T:GitHubSearchClientTest」的独立行为：搜索403saysquotanot权限（源用例 search403SaysQuotaNotPermission）,用例,engine/github,search403SaysQuotaNotPermission
463,T:GitHubSearchClientTest#search 422 says bad query,engine·搜索422saysbad查询,engine域「T:GitHubSearchClientTest」的独立行为：搜索422saysbad查询（源用例 search422SaysBadQuery）,用例,engine/github,search422SaysBadQuery
464,T:GitHubSearchClientTest#search carries incomplete flag,engine·搜索carriesincompleteflag,engine域「T:GitHubSearchClientTest」的独立行为：搜索carriesincompleteflag（源用例 searchCarriesIncompleteFlag）,用例,engine/github,searchCarriesIncompleteFlag
465,T:HttpTaxonomyTest#plain 502 gateway failure is transient and not context overflow,engine·纯文本502gatewayfailureistransientandnotcontext溢出,engine域「T:HttpTaxonomyTest」的独立行为：纯文本502gatewayfailureistransientandnotcontext溢出（源用例 plain502GatewayFailureIsTransientAndNotContextOverflow）,用例,engine/http,plain502GatewayFailureIsTransientAndNotContextOverflow
466,T:HttpTaxonomyTest#status 502 with provider context evidence is classified from body,engine·status502withprovidercontextevidenceisclassifiedfrom消息体,engine域「T:HttpTaxonomyTest」的独立行为：status502withprovidercontextevidenceisclassifiedfrom消息体（源用例 status502WithProviderContextEvidenceIsClassifiedFromBody）,用例,engine/http,status502WithProviderContextEvidenceIsClassifiedFromBody
467,T:HttpTaxonomyTest#ordinary 400 context response does not need status 502,engine·ordinary400contextresponsedoesnotneedstatus502,engine域「T:HttpTaxonomyTest」的独立行为：ordinary400contextresponsedoesnotneedstatus502（源用例 ordinary400ContextResponseDoesNotNeedStatus502）,用例,engine/http,ordinary400ContextResponseDoesNotNeedStatus502
468,T:HttpTaxonomyTest#unrelated token wording is not context overflow,engine·unrelated令牌wordingisnotcontext溢出,engine域「T:HttpTaxonomyTest」的独立行为：unrelated令牌wordingisnotcontext溢出（源用例 unrelatedTokenWordingIsNotContextOverflow）,用例,engine/http,unrelatedTokenWordingIsNotContextOverflow
469,T:HttpTaxonomyTest#cloudflare family is all transient,engine·cloudflarefamilyisalltransient,engine域「T:HttpTaxonomyTest」的独立行为：cloudflarefamilyisalltransient（源用例 cloudflareFamilyIsAllTransient）,用例,engine/http,cloudflareFamilyIsAllTransient
470,T:HttpTaxonomyTest#gateway timeout codes get their own class,engine·gateway超时codesgettheirownclass,engine域「T:HttpTaxonomyTest」的独立行为：gateway超时codesgettheirownclass（源用例 gatewayTimeoutCodesGetTheirOwnClass）,用例,engine/http,gatewayTimeoutCodesGetTheirOwnClass
471,T:HttpTaxonomyTest#rate limited stays its own class,engine·ratelimitedstaysitsownclass,engine域「T:HttpTaxonomyTest」的独立行为：ratelimitedstaysitsownclass（源用例 rateLimitedStaysItsOwnClass）,用例,engine/http,rateLimitedStaysItsOwnClass
472,T:HttpTaxonomyTest#server bug codes are only for idempotent requests,engine·serverbugcodesareonlyforidempotentrequests,engine域「T:HttpTaxonomyTest」的独立行为：serverbugcodesareonlyforidempotentrequests（源用例 serverBugCodesAreOnlyForIdempotentRequests）,用例,engine/http,serverBugCodesAreOnlyForIdempotentRequests
473,T:HttpTaxonomyTest#separated spellings of overflow all match,engine·separatedspellingsof溢出all匹配,engine域「T:HttpTaxonomyTest」的独立行为：separatedspellingsof溢出all匹配（源用例 separatedSpellingsOfOverflowAllMatch）,用例,engine/http,separatedSpellingsOfOverflowAllMatch
474,T:HttpTaxonomyTest#compact camel case is beyond this rule set,engine·compactcamel大小写isbeyondthisruleset,engine域「T:HttpTaxonomyTest」的独立行为：compactcamel大小写isbeyondthisruleset（源用例 compactCamelCaseIsBeyondThisRuleSet）,用例,engine/http,compactCamelCaseIsBeyondThisRuleSet
475,T:HttpTaxonomyTest#wording without overflow meaning is not matched,engine·wordingwithout溢出meaningisnotmatched,engine域「T:HttpTaxonomyTest」的独立行为：wordingwithout溢出meaningisnotmatched（源用例 wordingWithoutOverflowMeaningIsNotMatched）,用例,engine/http,wordingWithoutOverflowMeaningIsNotMatched
476,T:HttpTaxonomyTest#blank body is never an overflow,engine·blank消息体isneveran溢出,engine域「T:HttpTaxonomyTest」的独立行为：blank消息体isneveran溢出（源用例 blankBodyIsNeverAnOverflow）,用例,engine/http,blankBodyIsNeverAnOverflow
477,T:HttpTaxonomyTest#other four xx are client errors,engine·otherfourxxareclienterrors,engine域「T:HttpTaxonomyTest」的独立行为：otherfourxxareclienterrors（源用例 otherFourXxAreClientErrors）,用例,engine/http,otherFourXxAreClientErrors
478,T:HttpTaxonomyTest#unknown codes fall to unknown,engine·unknowncodesfalltounknown,engine域「T:HttpTaxonomyTest」的独立行为：unknowncodesfalltounknown（源用例 unknownCodesFallToUnknown）,用例,engine/http,unknownCodesFallToUnknown
479,T:HttpTaxonomyTest#truncate only cuts the tail and adds nothing,engine·截断onlycutsthetailandaddsnothing,engine域「T:HttpTaxonomyTest」的独立行为：截断onlycutsthetailandaddsnothing（源用例 truncateOnlyCutsTheTailAndAddsNothing）,用例,engine/http,truncateOnlyCutsTheTailAndAddsNothing
480,T:HttpTaxonomyTest#short message passes through untouched,engine·short消息passesthroughuntouched,engine域「T:HttpTaxonomyTest」的独立行为：short消息passesthroughuntouched（源用例 shortMessagePassesThroughUntouched）,用例,engine/http,shortMessagePassesThroughUntouched
481,T:HttpTaxonomyTest#chinese provider wording needs the english anchor,engine·chineseproviderwordingneedstheenglishanchor,engine域「T:HttpTaxonomyTest」的独立行为：chineseproviderwordingneedstheenglishanchor（源用例 chineseProviderWordingNeedsTheEnglishAnchor）,用例,engine/http,chineseProviderWordingNeedsTheEnglishAnchor
482,T:RetryPolicyTest#user cancellation is not a failure and never retries,engine·usercancellationisnotafailureandneverretries,engine域「T:RetryPolicyTest」的独立行为：usercancellationisnotafailureandneverretries（源用例 userCancellationIsNotAFailureAndNeverRetries）,用例,engine/http,userCancellationIsNotAFailureAndNeverRetries
483,T:RetryPolicyTest#context overflow never retries even on transient status,engine·context溢出neverretriesevenontransientstatus,engine域「T:RetryPolicyTest」的独立行为：context溢出neverretriesevenontransientstatus（源用例 contextOverflowNeverRetriesEvenOnTransientStatus）,用例,engine/http,contextOverflowNeverRetriesEvenOnTransientStatus
484,T:RetryPolicyTest#two hundred is accepted not retried,engine·twohundredisacceptednotretried,engine域「T:RetryPolicyTest」的独立行为：twohundredisacceptednotretried（源用例 twoHundredIsAcceptedNotRetried）,用例,engine/http,twoHundredIsAcceptedNotRetried
485,T:RetryPolicyTest#partial stream on costly request is never blind retried,engine·partial流式oncostlyrequestisneverblindretried,engine域「T:RetryPolicyTest」的独立行为：partial流式oncostlyrequestisneverblindretried（源用例 partialStreamOnCostlyRequestIsNeverBlindRetried）,用例,engine/http,partialStreamOnCostlyRequestIsNeverBlindRetried
486,T:RetryPolicyTest#free request that stalled is resumed not mourned,engine·freerequestthatstalledisresumednotmourned,engine域「T:RetryPolicyTest」的独立行为：freerequestthatstalledisresumednotmourned（源用例 freeRequestThatStalledIsResumedNotMourned）,用例,engine/http,freeRequestThatStalledIsResumedNotMourned
487,T:RetryPolicyTest#costly stalled with bytes uses the bytes rule,engine·costlystalledwithbytesusesthebytesrule,engine域「T:RetryPolicyTest」的独立行为：costlystalledwithbytesusesthebytesrule（源用例 costlyStalledWithBytesUsesTheBytesRule）,用例,engine/http,costlyStalledWithBytesUsesTheBytesRule
488,T:RetryPolicyTest#costly stalled without any bytes says it out loud,engine·costlystalledwithoutanybytessaysitoutloud,engine域「T:RetryPolicyTest」的独立行为：costlystalledwithoutanybytessaysitoutloud（源用例 costlyStalledWithoutAnyBytesSaysItOutLoud）,用例,engine/http,costlyStalledWithoutAnyBytesSaysItOutLoud
489,T:RetryPolicyTest#no connection on free request retries,engine·noconnectiononfreerequestretries,engine域「T:RetryPolicyTest」的独立行为：noconnectiononfreerequestretries（源用例 noConnectionOnFreeRequestRetries）,用例,engine/http,noConnectionOnFreeRequestRetries
490,T:RetryPolicyTest#no connection on costly request needs explicit permission,engine·noconnectiononcostlyrequestneedsexplicit权限,engine域「T:RetryPolicyTest」的独立行为：noconnectiononcostlyrequestneedsexplicit权限（源用例 noConnectionOnCostlyRequestNeedsExplicitPermission）,用例,engine/http,noConnectionOnCostlyRequestNeedsExplicitPermission
491,T:RetryPolicyTest#unknown cost is treated as the expensive kind,engine·unknowncostistreatedastheexpensivekind,engine域「T:RetryPolicyTest」的独立行为：unknowncostistreatedastheexpensivekind（源用例 unknownCostIsTreatedAsTheExpensiveKind）,用例,engine/http,unknownCostIsTreatedAsTheExpensiveKind
492,T:RetryPolicyTest#rate limited waits for retry after but capped at ceiling,engine·ratelimitedwaitsfor重试afterbutcappedatceiling,engine域「T:RetryPolicyTest」的独立行为：ratelimitedwaitsfor重试afterbutcappedatceiling（源用例 rateLimitedWaitsForRetryAfterButCappedAtCeiling）,用例,engine/http,rateLimitedWaitsForRetryAfterButCappedAtCeiling
493,T:RetryPolicyTest#client errors are never retried even for free requests,engine·clienterrorsareneverretriedevenforfreerequests,engine域「T:RetryPolicyTest」的独立行为：clienterrorsareneverretriedevenforfreerequests（源用例 clientErrorsAreNeverRetriedEvenForFreeRequests）,用例,engine/http,clientErrorsAreNeverRetriedEvenForFreeRequests
494,T:RetryPolicyTest#server bug codes retry only for free requests,engine·serverbugcodes重试onlyforfreerequests,engine域「T:RetryPolicyTest」的独立行为：serverbugcodes重试onlyforfreerequests（源用例 serverBugCodesRetryOnlyForFreeRequests）,用例,engine/http,serverBugCodesRetryOnlyForFreeRequests
495,T:RetryPolicyTest#gateway codes retry for free and gate for costly,engine·gatewaycodes重试forfreeandgateforcostly,engine域「T:RetryPolicyTest」的独立行为：gatewaycodes重试forfreeandgateforcostly（源用例 gatewayCodesRetryForFreeAndGateForCostly）,用例,engine/http,gatewayCodesRetryForFreeAndGateForCostly
496,T:RetryPolicyTest#retry budget stops and says how many times,engine·重试budgetstopsandsayshowmanytimes,engine域「T:RetryPolicyTest」的独立行为：重试budgetstopsandsayshowmanytimes（源用例 retryBudgetStopsAndSaysHowManyTimes）,用例,engine/http,retryBudgetStopsAndSaysHowManyTimes
497,T:RetryPolicyTest#non retryable status gives up with category,engine·nonretryablestatusgivesupwithcategory,engine域「T:RetryPolicyTest」的独立行为：nonretryablestatusgivesupwithcategory（源用例 nonRetryableStatusGivesUpWithCategory）,用例,engine/http,nonRetryableStatusGivesUpWithCategory
498,T:RetryPolicyTest#backoff doubles then stops at ceiling without overflow,engine·backoffdoublesthenstopsatceilingwithout溢出,engine域「T:RetryPolicyTest」的独立行为：backoffdoublesthenstopsatceilingwithout溢出（源用例 backoffDoublesThenStopsAtCeilingWithoutOverflow）,用例,engine/http,backoffDoublesThenStopsAtCeilingWithoutOverflow
499,T:RetryPolicyTest#impossible policies are rejected at construction,engine·impossiblepoliciesarerejectedatconstruction,engine域「T:RetryPolicyTest」的独立行为：impossiblepoliciesarerejectedatconstruction（源用例 impossiblePoliciesAreRejectedAtConstruction）,用例,engine/http,impossiblePoliciesAreRejectedAtConstruction
500,T:RetryPolicyTest#impossible outcomes are rejected at construction,engine·impossibleoutcomesarerejectedatconstruction,engine域「T:RetryPolicyTest」的独立行为：impossibleoutcomesarerejectedatconstruction（源用例 impossibleOutcomesAreRejectedAtConstruction）,用例,engine/http,impossibleOutcomesAreRejectedAtConstruction
501,T:RetryPolicyTest#decision carries the status into the reason,engine·decisioncarriesthestatusintothereason,engine域「T:RetryPolicyTest」的独立行为：decisioncarriesthestatusintothereason（源用例 decisionCarriesTheStatusIntoTheReason）,用例,engine/http,decisionCarriesTheStatusIntoTheReason
502,T:ArchiveFormatTest#,engine·,engine域「T:ArchiveFormatTest」的独立行为：（源用例 压缩包头被认出来且动作是逐条目过安全闸）,用例,engine/io,压缩包头被认出来且动作是逐条目过安全闸
503,T:ArchiveFormatTest#gzip,engine·Gzip压缩,engine域「T:ArchiveFormatTest」的独立行为：Gzip压缩（源用例 gzip头被认出来且说明还要再探一层）,用例,engine/io,gzip头被认出来且说明还要再探一层
504,T:ArchiveFormatTest#bz 2 xz zstd z,engine·bz2xzzstdz,engine域「T:ArchiveFormatTest」的独立行为：bz2xzzstdz（源用例 bz2与xz与zstd与七z四种头互不混淆）,用例,engine/io,bz2与xz与zstd与七z四种头互不混淆
505,T:ArchiveFormatTest#rar,engine·rar,engine域「T:ArchiveFormatTest」的独立行为：rar（源用例 rar老版头与新版头的区别只在第七个字节）,用例,engine/io,rar老版头与新版头的区别只在第七个字节
506,T:ArchiveFormatTest#tar,engine·tar,engine域「T:ArchiveFormatTest」的独立行为：tar（源用例 tar头在偏移二百五十七处也能认出来）,用例,engine/io,tar头在偏移二百五十七处也能认出来
507,T:EntryNameRuleTableTest#,engine·,engine域「T:EntryNameRuleTableTest」的独立行为：（源用例 对照表逐行核对且打印实际判定）,用例,engine/io,对照表逐行核对且打印实际判定
508,T:ExtractGuardTest#,engine·,engine域「T:ExtractGuardTest」的独立行为：（源用例 条目名想跳出目标目录必须被拒绝）,用例,engine/io,条目名想跳出目标目录必须被拒绝
509,T:HexDumpTest#,engine·,engine域「T:HexDumpTest」的独立行为：（源用例 嗅探二进制与文本）,用例,engine/language,嗅探二进制与文本
510,T:HighlightTest#,engine·,engine域「T:HighlightTest」的独立行为：（源用例 行注释整行灰）,用例,engine/language,行注释整行灰
511,T:LangRegistryTest#,engine·,engine域「T:LangRegistryTest」的独立行为：（源用例 主流语言映射）,用例,engine/language,主流语言映射
512,T:DiagnosticParserTest#kotlinc cli shape parses,engine·kotlincclishapeparses,engine域「T:DiagnosticParserTest」的独立行为：kotlincclishapeparses（源用例 kotlincCliShapeParses）,用例,engine/lsp,kotlincCliShapeParses
513,T:DiagnosticParserTest#gcc shape parses,engine·gccshapeparses,engine域「T:DiagnosticParserTest」的独立行为：gccshapeparses（源用例 gccShapeParses）,用例,engine/lsp,gccShapeParses
514,T:DiagnosticParserTest#javac shape parses,engine·javacshapeparses,engine域「T:DiagnosticParserTest」的独立行为：javacshapeparses（源用例 javacShapeParses）,用例,engine/lsp,javacShapeParses
515,T:DiagnosticParserTest#rustc two line shape parses,engine·rustctwo行号shapeparses,engine域「T:DiagnosticParserTest」的独立行为：rustctwo行号shapeparses（源用例 rustcTwoLineShapeParses）,用例,engine/lsp,rustcTwoLineShapeParses
516,T:DiagnosticParserTest#go shape parses,engine·goshapeparses,engine域「T:DiagnosticParserTest」的独立行为：goshapeparses（源用例 goShapeParses）,用例,engine/lsp,goShapeParses
517,T:DiagnosticParserTest#tsc shape parses,engine·tscshapeparses,engine域「T:DiagnosticParserTest」的独立行为：tscshapeparses（源用例 tscShapeParses）,用例,engine/lsp,tscShapeParses
518,T:DiagnosticParserTest#clean build gives empty without excerpt,engine·clean构建gives空值withoutexcerpt,engine域「T:DiagnosticParserTest」的独立行为：clean构建gives空值withoutexcerpt（源用例 cleanBuildGivesEmptyWithoutExcerpt）,用例,engine/lsp,cleanBuildGivesEmptyWithoutExcerpt
519,T:DiagnosticParserTest#garbage output gets excerpt not silence,engine·garbageoutputgetsexcerptnotsilence,engine域「T:DiagnosticParserTest」的独立行为：garbageoutputgetsexcerptnotsilence（源用例 garbageOutputGetsExcerptNotSilence）,用例,engine/lsp,garbageOutputGetsExcerptNotSilence
520,T:DiagnosticParserTest#over limit truncates and says so,engine·over上限truncatesandsaysso,engine域「T:DiagnosticParserTest」的独立行为：over上限truncatesandsaysso（源用例 overLimitTruncatesAndSaysSo）,用例,engine/lsp,overLimitTruncatesAndSaysSo
521,T:DiagnosticParserTest#arrow locator line alone is not a diagnostic,engine·arrowlocator行号aloneisnotadiagnostic,engine域「T:DiagnosticParserTest」的独立行为：arrowlocator行号aloneisnotadiagnostic（源用例 arrowLocatorLineAloneIsNotADiagnostic）,用例,engine/lsp,arrowLocatorLineAloneIsNotADiagnostic
522,T:DiagnosticParserTest#bare position fragment tail is not a diagnostic,engine·barepositionfragmenttailisnotadiagnostic,engine域「T:DiagnosticParserTest」的独立行为：barepositionfragmenttailisnotadiagnostic（源用例 barePositionFragmentTailIsNotADiagnostic）,用例,engine/lsp,barePositionFragmentTailIsNotADiagnostic
523,T:LanguagePackTest#valid pack builds,engine·校验打包builds,engine域「T:LanguagePackTest」的独立行为：校验打包builds（源用例 validPackBuilds）,用例,engine/lsp,validPackBuilds
524,T:LanguagePackTest#valid edge shapes pass,engine·校验边界shapespass,engine域「T:LanguagePackTest」的独立行为：校验边界shapespass（源用例 validEdgeShapesPass）,用例,engine/lsp,validEdgeShapesPass
525,T:LanguagePackTest#slug rules reject bad ids,engine·slugrulesrejectbadids,engine域「T:LanguagePackTest」的独立行为：slugrulesrejectbadids（源用例 slugRulesRejectBadIds）,用例,engine/lsp,slugRulesRejectBadIds
526,T:LanguagePackTest#version rules reject bad versions,engine·版本rulesrejectbadversions,engine域「T:LanguagePackTest」的独立行为：版本rulesrejectbadversions（源用例 versionRulesRejectBadVersions）,用例,engine/lsp,versionRulesRejectBadVersions
527,T:LanguagePackTest#entry path rejects traversal and odd shapes,engine·条目路径rejectstraversalandoddshapes,engine域「T:LanguagePackTest」的独立行为：条目路径rejectstraversalandoddshapes（源用例 entryPathRejectsTraversalAndOddShapes）,用例,engine/lsp,entryPathRejectsTraversalAndOddShapes
528,T:LanguagePackTest#sha 256 must be lower hex 64,engine·SHA哈希256mustbelower十六进制64,engine域「T:LanguagePackTest」的独立行为：SHA哈希256mustbelower十六进制64（源用例 sha256MustBeLowerHex64）,用例,engine/lsp,sha256MustBeLowerHex64
529,T:LanguagePackTest#url must be http or https,engine·网址mustbehttporhttps,engine域「T:LanguagePackTest」的独立行为：网址mustbehttporhttps（源用例 urlMustBeHttpOrHttps）,用例,engine/lsp,urlMustBeHttpOrHttps
530,T:LanguagePackTest#control chars in url rejected,engine·controlcharsin网址rejected,engine域「T:LanguagePackTest」的独立行为：controlcharsin网址rejected（源用例 controlCharsInUrlRejected）,用例,engine/lsp,controlCharsInUrlRejected
531,T:LanguagePackTest#display name rules,engine·display命名rules,engine域「T:LanguagePackTest」的独立行为：display命名rules（源用例 displayNameRules）,用例,engine/lsp,displayNameRules
532,T:LspCheckRunnerTest#parses what the process printed,engine·parseswhattheprocessprinted,engine域「T:LspCheckRunnerTest」的独立行为：parseswhattheprocessprinted（源用例 parsesWhatTheProcessPrinted）,用例,engine/lsp,parsesWhatTheProcessPrinted
533,T:LspCheckRunnerTest#timeout is reported not swallowed,engine·超时isreportednotswallowed,engine域「T:LspCheckRunnerTest」的独立行为：超时isreportednotswallowed（源用例 timeoutIsReportedNotSwallowed）,用例,engine/lsp,timeoutIsReportedNotSwallowed
534,T:LspCheckRunnerTest#truncation flag survives even when parser sees clean output,engine·truncationflagsurviveseven分支parserseescleanoutput,engine域「T:LspCheckRunnerTest」的独立行为：truncationflagsurviveseven分支parserseescleanoutput（源用例 truncationFlagSurvivesEvenWhenParserSeesCleanOutput）,用例,engine/lsp,truncationFlagSurvivesEvenWhenParserSeesCleanOutput
535,T:LspCheckRunnerTest#rejects bad construction,engine·rejectsbadconstruction,engine域「T:LspCheckRunnerTest」的独立行为：rejectsbadconstruction（源用例 rejectsBadConstruction）,用例,engine/lsp,rejectsBadConstruction
536,T:LspCheckRunnerTest#real process reads output and exit code,engine·realprocessreadsoutputandexitcode,engine域「T:LspCheckRunnerTest」的独立行为：realprocessreadsoutputandexitcode（源用例 realProcessReadsOutputAndExitCode）,用例,engine/lsp,realProcessReadsOutputAndExitCode
537,T:LspCheckRunnerTest#real process timeout kills and reports,engine·realprocess超时killsandreports,engine域「T:LspCheckRunnerTest」的独立行为：realprocess超时killsandreports（源用例 realProcessTimeoutKillsAndReports）,用例,engine/lsp,realProcessTimeoutKillsAndReports
538,T:LspCheckRunnerTest#real process output is capped but stream stays drained,engine·realprocessoutputiscappedbut流式staysdrained,engine域「T:LspCheckRunnerTest」的独立行为：realprocessoutputiscappedbut流式staysdrained（源用例 realProcessOutputIsCappedButStreamStaysDrained）,用例,engine/lsp,realProcessOutputIsCappedButStreamStaysDrained
539,T:LspCheckRunnerTest#real process missing directory is rejected,engine·realprocess缺失directoryisrejected,engine域「T:LspCheckRunnerTest」的独立行为：realprocess缺失directoryisrejected（源用例 realProcessMissingDirectoryIsRejected）,用例,engine/lsp,realProcessMissingDirectoryIsRejected
540,T:LspCheckRunnerTest#empty command is rejected,engine·空值commandisrejected,engine域「T:LspCheckRunnerTest」的独立行为：空值commandisrejected（源用例 emptyCommandIsRejected）,用例,engine/lsp,emptyCommandIsRejected
541,T:LspFramingTest#content length counts bytes not characters,engine·contentlengthcountsbytesnotcharacters,engine域「T:LspFramingTest」的独立行为：contentlengthcountsbytesnotcharacters（源用例 contentLengthCountsBytesNotCharacters）,用例,engine/lsp,contentLengthCountsBytesNotCharacters
542,T:LspFramingTest#partial frame remainder is kept,engine·partialframeremainderiskept,engine域「T:LspFramingTest」的独立行为：partialframeremainderiskept（源用例 partialFrameRemainderIsKept）,用例,engine/lsp,partialFrameRemainderIsKept
543,T:LspFramingTest#two frames in one buffer both decode,engine·twoframesinonebufferboth解码,engine域「T:LspFramingTest」的独立行为：twoframesinonebufferboth解码（源用例 twoFramesInOneBufferBothDecode）,用例,engine/lsp,twoFramesInOneBufferBothDecode
544,T:LspFramingTest#missing content length is fatal,engine·缺失contentlengthisfatal,engine域「T:LspFramingTest」的独立行为：缺失contentlengthisfatal（源用例 missingContentLengthIsFatal）,用例,engine/lsp,missingContentLengthIsFatal
545,T:LspFramingTest#oversize declared length is fatal without allocation,engine·oversizedeclaredlengthisfatalwithoutallocation,engine域「T:LspFramingTest」的独立行为：oversizedeclaredlengthisfatalwithoutallocation（源用例 oversizeDeclaredLengthIsFatalWithoutAllocation）,用例,engine/lsp,oversizeDeclaredLengthIsFatalWithoutAllocation
546,T:LspFramingTest#message factory shapes are valid,engine·消息factoryshapesare校验,engine域「T:LspFramingTest」的独立行为：消息factoryshapesare校验（源用例 messageFactoryShapesAreValid）,用例,engine/lsp,messageFactoryShapesAreValid
547,engine.io.ExtractLimits#happy path extracts entry and renames atomically,engine·happy路径extracts条目andrenamesatomically,engine域「ExtractLimits」的独立行为：happy路径extracts条目andrenamesatomically（源用例 happyPathExtractsEntryAndRenamesAtomically）,用例,engine/lsp,happyPathExtractsEntryAndRenamesAtomically
548,engine.io.ExtractLimits#missing entry file is rejected and staging cleaned,engine·缺失条目文件isrejectedandstagingcleaned,engine域「ExtractLimits」的独立行为：缺失条目文件isrejectedandstagingcleaned（源用例 missingEntryFileIsRejectedAndStagingCleaned）,用例,engine/lsp,missingEntryFileIsRejectedAndStagingCleaned
549,engine.io.ExtractLimits#zero byte entry is rejected,engine·zerobyte条目isrejected,engine域「ExtractLimits」的独立行为：zerobyte条目isrejected（源用例 zeroByteEntryIsRejected）,用例,engine/lsp,zeroByteEntryIsRejected
550,engine.io.ExtractLimits#traversal entry name is stopped by guard,engine·traversal条目命名isstoppedbyguard,engine域「ExtractLimits」的独立行为：traversal条目命名isstoppedbyguard（源用例 traversalEntryNameIsStoppedByGuard）,用例,engine/lsp,traversalEntryNameIsStoppedByGuard
551,engine.io.ExtractLimits#entry count limit is enforced,engine·条目计数上限isenforced,engine域「ExtractLimits」的独立行为：条目计数上限isenforced（源用例 entryCountLimitIsEnforced）,用例,engine/lsp,entryCountLimitIsEnforced
552,engine.io.ExtractLimits#entry size limit is enforced,engine·条目大小上限isenforced,engine域「ExtractLimits」的独立行为：条目大小上限isenforced（源用例 entrySizeLimitIsEnforced）,用例,engine/lsp,entrySizeLimitIsEnforced
553,engine.io.ExtractLimits#empty zip is rejected,engine·空值压缩包isrejected,engine域「ExtractLimits」的独立行为：空值压缩包isrejected（源用例 emptyZipIsRejected）,用例,engine/lsp,emptyZipIsRejected
554,engine.io.ExtractLimits#non zip bytes are rejected,engine·non压缩包bytesarerejected,engine域「ExtractLimits」的独立行为：non压缩包bytesarerejected（源用例 nonZipBytesAreRejected）,用例,engine/lsp,nonZipBytesAreRejected
555,engine.io.ExtractLimits#missing pack file is rejected with direction,engine·缺失打包文件isrejectedwithdirection,engine域「ExtractLimits」的独立行为：缺失打包文件isrejectedwithdirection（源用例 missingPackFileIsRejectedWithDirection）,用例,engine/lsp,missingPackFileIsRejectedWithDirection
556,engine.io.ExtractLimits#second extract replaces old target dir,engine·secondextractreplacesold目标方向,engine域「ExtractLimits」的独立行为：secondextractreplacesold目标方向（源用例 secondExtractReplacesOldTargetDir）,用例,engine/lsp,secondExtractReplacesOldTargetDir
557,engine.io.ExtractLimits#stale staging from previous run is cleared,engine·stalestagingfrompreviousruniscleared,engine域「ExtractLimits」的独立行为：stalestagingfrompreviousruniscleared（源用例 staleStagingFromPreviousRunIsCleared）,用例,engine/lsp,staleStagingFromPreviousRunIsCleared
558,engine.io.streamingCopy#downloads verifies and renames atomically,engine·downloadsverifiesandrenamesatomically,engine域「streamingCopy」的独立行为：downloadsverifiesandrenamesatomically（源用例 downloadsVerifiesAndRenamesAtomically）,用例,engine/lsp,downloadsVerifiesAndRenamesAtomically
559,engine.io.streamingCopy#hash mismatch rejects and cleans up,engine·hash不匹配rejectsandcleansup,engine域「streamingCopy」的独立行为：hash不匹配rejectsandcleansup（源用例 hashMismatchRejectsAndCleansUp）,用例,engine/lsp,hashMismatchRejectsAndCleansUp
560,engine.io.streamingCopy#oversize is rejected before the crossing chunk lands,engine·oversizeisrejectedbeforethecrossing分块lands,engine域「streamingCopy」的独立行为：oversizeisrejectedbeforethecrossing分块lands（源用例 oversizeIsRejectedBeforeTheCrossingChunkLands）,用例,engine/lsp,oversizeIsRejectedBeforeTheCrossingChunkLands
561,engine.io.streamingCopy#empty download is rejected,engine·空值下载isrejected,engine域「streamingCopy」的独立行为：空值下载isrejected（源用例 emptyDownloadIsRejected）,用例,engine/lsp,emptyDownloadIsRejected
562,engine.io.streamingCopy#network failure becomes chinese reject with cleanup,engine·networkfailurebecomeschineserejectwithcleanup,engine域「streamingCopy」的独立行为：networkfailurebecomeschineserejectwithcleanup（源用例 networkFailureBecomesChineseRejectWithCleanup）,用例,engine/lsp,networkFailureBecomesChineseRejectWithCleanup
563,engine.io.streamingCopy#fetch accounting lie is caught,engine·fetchaccountinglieiscaught,engine域「streamingCopy」的独立行为：fetchaccountinglieiscaught（源用例 fetchAccountingLieIsCaught）,用例,engine/lsp,fetchAccountingLieIsCaught
564,engine.io.streamingCopy#local hit skips network entirely,engine·local命中skipsnetworkentirely,engine域「streamingCopy」的独立行为：local命中skipsnetworkentirely（源用例 localHitSkipsNetworkEntirely）,用例,engine/lsp,localHitSkipsNetworkEntirely
565,engine.io.streamingCopy#bad local copy is replaced by a fresh download,engine·badlocalcopyisreplacedbyafresh下载,engine域「streamingCopy」的独立行为：badlocalcopyisreplacedbyafresh下载（源用例 badLocalCopyIsReplacedByAFreshDownload）,用例,engine/lsp,badLocalCopyIsReplacedByAFreshDownload
566,engine.io.streamingCopy#stale part file is cleared before install,engine·stalepart文件isclearedbeforeinstall,engine域「streamingCopy」的独立行为：stalepart文件isclearedbeforeinstall（源用例 stalePartFileIsClearedBeforeInstall）,用例,engine/lsp,stalePartFileIsClearedBeforeInstall
567,engine.io.streamingCopy#progress reports monotonic cumulative bytes,engine·进度reportsmonotoniccumulativebytes,engine域「streamingCopy」的独立行为：进度reportsmonotoniccumulativebytes（源用例 progressReportsMonotonicCumulativeBytes）,用例,engine/lsp,progressReportsMonotonicCumulativeBytes
568,engine.io.streamingCopy#unusable target directory is rejected,engine·unusable目标directoryisrejected,engine域「streamingCopy」的独立行为：unusable目标directoryisrejected（源用例 unusableTargetDirectoryIsRejected）,用例,engine/lsp,unusableTargetDirectoryIsRejected
569,engine.io.streamingCopy#limits must be positive,engine·limitsmustbepositive,engine域「streamingCopy」的独立行为：limitsmustbepositive（源用例 limitsMustBePositive）,用例,engine/lsp,limitsMustBePositive
570,T:MemoryStoreTest#create list read roundtrip,engine·创建列表readroundtrip,engine域「T:MemoryStoreTest」的独立行为：创建列表readroundtrip（源用例 createListReadRoundtrip）,用例,engine/memory,createListReadRoundtrip
571,T:MemoryStoreTest#duplicate name rejected,engine·重复项命名rejected,engine域「T:MemoryStoreTest」的独立行为：重复项命名rejected（源用例 duplicateNameRejected）,用例,engine/memory,duplicateNameRejected
572,T:MemoryStoreTest#path escape neutralized,engine·路径转义neutralized,engine域「T:MemoryStoreTest」的独立行为：路径转义neutralized（源用例 pathEscapeNeutralized）,用例,engine/memory,pathEscapeNeutralized
573,T:MemoryStoreTest#patch requires unique match,engine·补丁requiresunique匹配,engine域「T:MemoryStoreTest」的独立行为：补丁requiresunique匹配（源用例 patchRequiresUniqueMatch）,用例,engine/memory,patchRequiresUniqueMatch
574,T:MemoryStoreTest#rename carries description,engine·renamecarriesdescription,engine域「T:MemoryStoreTest」的独立行为：renamecarriesdescription（源用例 renameCarriesDescription）,用例,engine/memory,renameCarriesDescription
575,T:MemoryStoreTest#describe edits only meta,engine·describeeditsonlymeta,engine域「T:MemoryStoreTest」的独立行为：describeeditsonlymeta（源用例 describeEditsOnlyMeta）,用例,engine/memory,describeEditsOnlyMeta
576,T:MemoryStoreTest#delete removes file and meta,engine·删除removes文件andmeta,engine域「T:MemoryStoreTest」的独立行为：删除removes文件andmeta（源用例 deleteRemovesFileAndMeta）,用例,engine/memory,deleteRemovesFileAndMeta
577,T:MemoryStoreTest#active memory four modes,engine·activememoryfourmodes,engine域「T:MemoryStoreTest」的独立行为：activememoryfourmodes（源用例 activeMemoryFourModes）,用例,engine/memory,activeMemoryFourModes
578,T:MemoryStoreTest#broken meta file starts empty,engine·brokenmeta文件starts空值,engine域「T:MemoryStoreTest」的独立行为：brokenmeta文件starts空值（源用例 brokenMetaFileStartsEmpty）,用例,engine/memory,brokenMetaFileStartsEmpty
579,engine.api.WireRequest#,engine·,engine域「WireRequest」的独立行为：（源用例 连接失败转成账）,用例,engine/observe,连接失败转成账
580,T:ObserveStateTest#,engine·,engine域「T:ObserveStateTest」的独立行为：（源用例 连败退避翻倍封顶五分钟）,用例,engine/observe,连败退避翻倍封顶五分钟
581,engine.api.LineSink#,engine·,engine域「LineSink」的独立行为：（源用例 全族注册且桥在时可见）,用例,engine/observe,全族注册且桥在时可见
582,T:AlpineRepoIndexTest#parse counts and lookup table,engine·解析countsandlookuptable,engine域「T:AlpineRepoIndexTest」的独立行为：解析countsandlookuptable（源用例 parseCountsAndLookupTable）,用例,engine/sandbox,parseCountsAndLookupTable
583,T:AlpineRepoIndexTest#alias goes through same resolve as top level,engine·aliasgoesthroughsameresolveastoplevel,engine域「T:AlpineRepoIndexTest」的独立行为：aliasgoesthroughsameresolveastoplevel（源用例 aliasGoesThroughSameResolveAsTopLevel）,用例,engine/sandbox,aliasGoesThroughSameResolveAsTopLevel
584,T:AlpineRepoIndexTest#missing name returns null,engine·缺失命名returnsnull,engine域「T:AlpineRepoIndexTest」的独立行为：缺失命名returnsnull（源用例 missingNameReturnsNull）,用例,engine/sandbox,missingNameReturnsNull
585,T:AlpineRepoIndexTest#depends and provides parsed,engine·dependsandprovidesparsed,engine域「T:AlpineRepoIndexTest」的独立行为：dependsandprovidesparsed（源用例 dependsAndProvidesParsed）,用例,engine/sandbox,dependsAndProvidesParsed
586,T:AlpineRepoIndexTest#malformed lines do not kill parsing,engine·malformedlinesdonotkillparsing,engine域「T:AlpineRepoIndexTest」的独立行为：malformedlinesdonotkillparsing（源用例 malformedLinesDoNotKillParsing）,用例,engine/sandbox,malformedLinesDoNotKillParsing
587,T:AlpineRepoIndexTest#empty index is okay but resolves nothing,engine·空值索引isokaybutresolvesnothing,engine域「T:AlpineRepoIndexTest」的独立行为：空值索引isokaybutresolvesnothing（源用例 emptyIndexIsOkayButResolvesNothing）,用例,engine/sandbox,emptyIndexIsOkayButResolvesNothing
588,T:ApkPlanTest#fresh install expands dependencies in dependency first order,engine·freshinstallexpandsdependenciesindependencyfirst排序,engine域「T:ApkPlanTest」的独立行为：freshinstallexpandsdependenciesindependencyfirst排序（源用例 freshInstallExpandsDependenciesInDependencyFirstOrder）,用例,engine/sandbox,freshInstallExpandsDependenciesInDependencyFirstOrder
589,T:ApkPlanTest#installed same version goes to satisfied,engine·installedsame版本goestosatisfied,engine域「T:ApkPlanTest」的独立行为：installedsame版本goestosatisfied（源用例 installedSameVersionGoesToSatisfied）,用例,engine/sandbox,installedSameVersionGoesToSatisfied
590,T:ApkPlanTest#version mismatch reinstalls,engine·版本不匹配reinstalls,engine域「T:ApkPlanTest」的独立行为：版本不匹配reinstalls（源用例 versionMismatchReinstalls）,用例,engine/sandbox,versionMismatchReinstalls
591,T:ApkPlanTest#unknown names are reported not dropped,engine·unknownnamesarereportednotdropped,engine域「T:ApkPlanTest」的独立行为：unknownnamesarereportednotdropped（源用例 unknownNamesAreReportedNotDropped）,用例,engine/sandbox,unknownNamesAreReportedNotDropped
592,T:ApkPlanTest#dependency cycle is reported and does not hang,engine·dependencycycleisreportedanddoesnothang,engine域「T:ApkPlanTest」的独立行为：dependencycycleisreportedanddoesnothang（源用例 dependencyCycleIsReportedAndDoesNotHang）,用例,engine/sandbox,dependencyCycleIsReportedAndDoesNotHang
593,T:MirrorPolicyTest#default has official first then china mirrors,engine·默认hasofficialfirstthenchinamirrors,engine域「T:MirrorPolicyTest」的独立行为：默认hasofficialfirstthenchinamirrors（源用例 defaultHasOfficialFirstThenChinaMirrors）,用例,engine/sandbox,defaultHasOfficialFirstThenChinaMirrors
594,T:MirrorPolicyTest#failover moves failed mirror to tail,engine·failovermovesfailedmirrortotail,engine域「T:MirrorPolicyTest」的独立行为：failovermovesfailedmirrortotail（源用例 failoverMovesFailedMirrorToTail）,用例,engine/sandbox,failoverMovesFailedMirrorToTail
595,T:MirrorPolicyTest#single mirror failover is self,engine·singlemirrorfailoverisself,engine域「T:MirrorPolicyTest」的独立行为：singlemirrorfailoverisself（源用例 singleMirrorFailoverIsSelf）,用例,engine/sandbox,singleMirrorFailoverIsSelf
596,T:MirrorPolicyTest#empty mirror list is rejected at construction,engine·空值mirror列表isrejectedatconstruction,engine域「T:MirrorPolicyTest」的独立行为：空值mirror列表isrejectedatconstruction（源用例 emptyMirrorListIsRejectedAtConstruction）,用例,engine/sandbox,emptyMirrorListIsRejectedAtConstruction
597,T:MirrorPolicyTest#path builders join correctly,engine·路径buildersjoincorrectly,engine域「T:MirrorPolicyTest」的独立行为：路径buildersjoincorrectly（源用例 pathBuildersJoinCorrectly）,用例,engine/sandbox,pathBuildersJoinCorrectly
598,T:ProotSessionTest#echo round trip carries stdout and terminal line,engine·echo取整tripcarriesstdoutandterminal行号,engine域「T:ProotSessionTest」的独立行为：echo取整tripcarriesstdoutandterminal行号（源用例 echoRoundTripCarriesStdoutAndTerminalLine）,用例,engine/sandbox,echoRoundTripCarriesStdoutAndTerminalLine
599,T:ProotSessionTest#empty command is rejected not run,engine·空值commandisrejectednotrun,engine域「T:ProotSessionTest」的独立行为：空值commandisrejectednotrun（源用例 emptyCommandIsRejectedNotRun）,用例,engine/sandbox,emptyCommandIsRejectedNotRun
600,T:ProotSessionTest#overlong command is rejected,engine·overlongcommandisrejected,engine域「T:ProotSessionTest」的独立行为：overlongcommandisrejected（源用例 overlongCommandIsRejected）,用例,engine/sandbox,overlongCommandIsRejected
601,T:ProotSessionTest#timeout kills and leaves no sentinel minus one,engine·超时killsandleavesnosentinelminusone,engine域「T:ProotSessionTest」的独立行为：超时killsandleavesnosentinelminusone（源用例 timeoutKillsAndLeavesNoSentinelMinusOne）,用例,engine/sandbox,timeoutKillsAndLeavesNoSentinelMinusOne
602,T:ProotSessionTest#busy gate rejects second command with explicit reason,engine·busygaterejectssecondcommandwithexplicitreason,engine域「T:ProotSessionTest」的独立行为：busygaterejectssecondcommandwithexplicitreason（源用例 busyGateRejectsSecondCommandWithExplicitReason）,用例,engine/sandbox,busyGateRejectsSecondCommandWithExplicitReason
603,T:ProotSessionTest#output over cap is drained not deadlocked,engine·outputovercapisdrainednotdeadlocked,engine域「T:ProotSessionTest」的独立行为：outputovercapisdrainednotdeadlocked（源用例 outputOverCapIsDrainedNotDeadlocked）,用例,engine/sandbox,outputOverCapIsDrainedNotDeadlocked
604,T:ProotSessionTest#failed command carries exit code and stderr,engine·failedcommandcarriesexitcodeandstderr,engine域「T:ProotSessionTest」的独立行为：failedcommandcarriesexitcodeandstderr（源用例 failedCommandCarriesExitCodeAndStderr）,用例,engine/sandbox,failedCommandCarriesExitCodeAndStderr
605,engine.toolcalls.IndexStubs#install rootfs makes environment ready and writes snapshot,engine·installrootfsmakesenvironmentreadyandwrites快照,engine域「IndexStubs」的独立行为：installrootfsmakesenvironmentreadyandwrites快照（源用例 installRootfsMakesEnvironmentReadyAndWritesSnapshot）,用例,engine/sandbox,installRootfsMakesEnvironmentReadyAndWritesSnapshot
606,engine.toolcalls.IndexStubs#install packages verifies real entry not just exit code,engine·installpackagesverifiesreal条目notjustexitcode,engine域「IndexStubs」的独立行为：installpackagesverifiesreal条目notjustexitcode（源用例 installPackagesVerifiesRealEntryNotJustExitCode）,用例,engine/sandbox,installPackagesVerifiesRealEntryNotJustExitCode
607,engine.toolcalls.IndexStubs#plan empty but not verified is honest failure,engine·plan空值butnotverifiedishonestfailure,engine域「IndexStubs」的独立行为：plan空值butnotverifiedishonestfailure（源用例 planEmptyButNotVerifiedIsHonestFailure）,用例,engine/sandbox,planEmptyButNotVerifiedIsHonestFailure
608,engine.toolcalls.IndexStubs#unknown package reports not silent,engine·unknownpackagereportsnotsilent,engine域「IndexStubs」的独立行为：unknownpackagereportsnotsilent（源用例 unknownPackageReportsNotSilent）,用例,engine/sandbox,unknownPackageReportsNotSilent
609,engine.toolcalls.IndexStubs#busy gate rejects concurrent mutable ops,engine·busygaterejectsconcurrentmutableops,engine域「IndexStubs」的独立行为：busygaterejectsconcurrentmutableops（源用例 busyGateRejectsConcurrentMutableOps）,用例,engine/sandbox,busyGateRejectsConcurrentMutableOps
610,engine.toolcalls.IndexStubs#package name with injection chars is rejected,engine·package命名withinjectioncharsisrejected,engine域「IndexStubs」的独立行为：package命名withinjectioncharsisrejected（源用例 packageNameWithInjectionCharsIsRejected）,用例,engine/sandbox,packageNameWithInjectionCharsIsRejected
611,engine.toolcalls.IndexStubs#remove package then list is honest,engine·removepackagethen列表ishonest,engine域「IndexStubs」的独立行为：removepackagethen列表ishonest（源用例 removePackageThenListIsHonest）,用例,engine/sandbox,removePackageThenListIsHonest
612,T:SandboxPlaintextGateTest#sandbox sources contain no plaintext hygiene words,engine·sandboxsourcescontainnoplaintexthygienewords,engine域「T:SandboxPlaintextGateTest」的独立行为：sandboxsourcescontainnoplaintexthygienewords（源用例 sandboxSourcesContainNoPlaintextHygieneWords）,用例,engine/sandbox,sandboxSourcesContainNoPlaintextHygieneWords
613,T:SandboxPlaintextGateTest#sandbox sources do not replace values with placeholders,engine·sandboxsourcesdonotreplacevalueswithplaceholders,engine域「T:SandboxPlaintextGateTest」的独立行为：sandboxsourcesdonotreplacevalueswithplaceholders（源用例 sandboxSourcesDoNotReplaceValuesWithPlaceholders）,用例,engine/sandbox,sandboxSourcesDoNotReplaceValuesWithPlaceholders
614,T:SandboxPlaintextGateTest#detector bites on known bad samples,engine·detectorbitesonknownbadsamples,engine域「T:SandboxPlaintextGateTest」的独立行为：detectorbitesonknownbadsamples（源用例 detectorBitesOnKnownBadSamples）,用例,engine/sandbox,detectorBitesOnKnownBadSamples
615,T:TarEntryExtractorTest#regular files and dirs land,engine·regularfilesanddirsland,engine域「T:TarEntryExtractorTest」的独立行为：regularfilesanddirsland（源用例 regularFilesAndDirsLand）,用例,engine/sandbox,regularFilesAndDirsLand
616,T:TarEntryExtractorTest#symlink is real and dangling survives,engine·软链接isrealanddanglingsurvives,engine域「T:TarEntryExtractorTest」的独立行为：软链接isrealanddanglingsurvives（源用例 symlinkIsRealAndDanglingSurvives）,用例,engine/sandbox,symlinkIsRealAndDanglingSurvives
617,T:TarEntryExtractorTest#hard link deferred when target comes later,engine·hard链接deferred分支目标comeslater,engine域「T:TarEntryExtractorTest」的独立行为：hard链接deferred分支目标comeslater（源用例 hardLinkDeferredWhenTargetComesLater）,用例,engine/sandbox,hardLinkDeferredWhenTargetComesLater
618,T:TarEntryExtractorTest#path traversal is rejected,engine·路径traversalisrejected,engine域「T:TarEntryExtractorTest」的独立行为：路径traversalisrejected（源用例 pathTraversalIsRejected）,用例,engine/sandbox,pathTraversalIsRejected
619,T:TarEntryExtractorTest#absolute link target stays inside root,engine·absolute链接目标staysinside根目录,engine域「T:TarEntryExtractorTest」的独立行为：absolute链接目标staysinside根目录（源用例 absoluteLinkTargetStaysInsideRoot）,用例,engine/sandbox,absoluteLinkTargetStaysInsideRoot
620,T:WebSearchClientTest#extracts and decodes jump wrapped results,engine·extractsanddecodesjumpwrappedresults,engine域「T:WebSearchClientTest」的独立行为：extractsanddecodesjumpwrappedresults（源用例 extractsAndDecodesJumpWrappedResults）,用例,engine/search,extractsAndDecodesJumpWrappedResults
621,T:WebSearchClientTest#direct https hrefs are accepted as is,engine·directhttpshrefsareacceptedasis,engine域「T:WebSearchClientTest」的独立行为：directhttpshrefsareacceptedasis（源用例 directHttpsHrefsAreAcceptedAsIs）,用例,engine/search,directHttpsHrefsAreAcceptedAsIs
622,T:WebSearchClientTest#unrecognizable links are skipped not padded,engine·unrecognizablelinksareskippednotpadded,engine域「T:WebSearchClientTest」的独立行为：unrecognizablelinksareskippednotpadded（源用例 unrecognizableLinksAreSkippedNotPadded）,用例,engine/search,unrecognizableLinksAreSkippedNotPadded
623,T:WebSearchClientTest#result count is capped,engine·result计数iscapped,engine域「T:WebSearchClientTest」的独立行为：result计数iscapped（源用例 resultCountIsCapped）,用例,engine/search,resultCountIsCapped
624,T:WebSearchClientTest#page with no result markers fails honestly,engine·pagewithnoresultmarkersfailshonestly,engine域「T:WebSearchClientTest」的独立行为：pagewithnoresultmarkersfailshonestly（源用例 pageWithNoResultMarkersFailsHonestly）,用例,engine/search,pageWithNoResultMarkersFailsHonestly
625,T:WebSearchClientTest#blank page fails as rate limit hint,engine·blankpagefailsasrate上限hint,engine域「T:WebSearchClientTest」的独立行为：blankpagefailsasrate上限hint（源用例 blankPageFailsAsRateLimitHint）,用例,engine/search,blankPageFailsAsRateLimitHint
626,T:WebSearchClientTest#blank query fails fast without touching fetcher,engine·blank查询failsfastwithouttouchingfetcher,engine域「T:WebSearchClientTest」的独立行为：blank查询failsfastwithouttouchingfetcher（源用例 blankQueryFailsFastWithoutTouchingFetcher）,用例,engine/search,blankQueryFailsFastWithoutTouchingFetcher
627,T:WebSearchClientTest#fetcher failure surfaces with the status evidence,engine·fetcherfailuresurfaceswiththestatusevidence,engine域「T:WebSearchClientTest」的独立行为：fetcherfailuresurfaceswiththestatusevidence（源用例 fetcherFailureSurfacesWithTheStatusEvidence）,用例,engine/search,fetcherFailureSurfacesWithTheStatusEvidence
628,engine.api.ModelRef#round trip keeps providers models enabled and aliases,engine·取整tripkeepsprovidersmodelsenabledandaliases,engine域「ModelRef」的独立行为：取整tripkeepsprovidersmodelsenabledandaliases（源用例 roundTripKeepsProvidersModelsEnabledAndAliases）,用例,engine/settings,roundTripKeepsProvidersModelsEnabledAndAliases
629,engine.api.ModelRef#custom models round trip and merge into available,engine·custommodels取整tripand合并intoavailable,engine域「ModelRef」的独立行为：custommodels取整tripand合并intoavailable（源用例 customModelsRoundTripAndMergeIntoAvailable）,用例,engine/settings,customModelsRoundTripAndMergeIntoAvailable
630,engine.api.ModelRef#legacy format without custom models still loads,engine·legacy格式化withoutcustommodelsstillloads,engine域「ModelRef」的独立行为：legacy格式化withoutcustommodelsstillloads（源用例 legacyFormatWithoutCustomModelsStillLoads）,用例,engine/settings,legacyFormatWithoutCustomModelsStillLoads
631,engine.api.ModelRef#legacy provider is imported without being lost,engine·legacyproviderisimportedwithoutbeinglost,engine域「ModelRef」的独立行为：legacyproviderisimportedwithoutbeinglost（源用例 legacyProviderIsImportedWithoutBeingLost）,用例,engine/settings,legacyProviderIsImportedWithoutBeingLost
632,engine.api.ModelRef#model reference keeps provider and bare model,engine·modelreferencekeepsproviderandbaremodel,engine域「ModelRef」的独立行为：modelreferencekeepsproviderandbaremodel（源用例 modelReferenceKeepsProviderAndBareModel）,用例,engine/settings,modelReferenceKeepsProviderAndBareModel
633,engine.api.ModelRef#bad json falls back to defaults,engine·badJSONfallsbacktodefaults,engine域「ModelRef」的独立行为：badJSONfallsbacktodefaults（源用例 badJsonFallsBackToDefaults）,用例,engine/settings,badJsonFallsBackToDefaults
634,T:SettingsStoreTest#round trips typed values in memory,engine·取整tripstypedvaluesinmemory,engine域「T:SettingsStoreTest」的独立行为：取整tripstypedvaluesinmemory（源用例 roundTripsTypedValuesInMemory）,用例,engine/settings,roundTripsTypedValuesInMemory
635,T:SettingsStoreTest#control characters round trip exactly,engine·controlcharacters取整tripexactly,engine域「T:SettingsStoreTest」的独立行为：controlcharacters取整tripexactly（源用例 controlCharactersRoundTripExactly）,用例,engine/settings,controlCharactersRoundTripExactly
636,T:SettingsStoreTest#surrogate pair round trips as plain text,engine·surrogatepair取整tripsas纯文本text,engine域「T:SettingsStoreTest」的独立行为：surrogatepair取整tripsas纯文本text（源用例 surrogatePairRoundTripsAsPlainText）,用例,engine/settings,surrogatePairRoundTripsAsPlainText
637,T:SettingsStoreTest#lone high surrogate is escaped and voiced,engine·lonehighsurrogateisescapedandvoiced,engine域「T:SettingsStoreTest」的独立行为：lonehighsurrogateisescapedandvoiced（源用例 loneHighSurrogateIsEscapedAndVoiced）,用例,engine/settings,loneHighSurrogateIsEscapedAndVoiced
638,T:SettingsStoreTest#lone low surrogate is also caught,engine·lonelowsurrogateisalsocaught,engine域「T:SettingsStoreTest」的独立行为：lonelowsurrogateisalsocaught（源用例 loneLowSurrogateIsAlsoCaught）,用例,engine/settings,loneLowSurrogateIsAlsoCaught
639,T:SettingsStoreTest#unicode escape decodes to same char,engine·unicode转义decodestosamechar,engine域「T:SettingsStoreTest」的独立行为：unicode转义decodestosamechar（源用例 unicodeEscapeDecodesToSameChar）,用例,engine/settings,unicodeEscapeDecodesToSameChar
640,T:SettingsStoreTest#unknown keys are preserved across save,engine·unknownkeysarepreservedacross保存,engine域「T:SettingsStoreTest」的独立行为：unknownkeysarepreservedacross保存（源用例 unknownKeysArePreservedAcrossSave）,用例,engine/settings,unknownKeysArePreservedAcrossSave
641,T:SettingsStoreTest#illegal key name is kept but reported,engine·illegalkey命名iskeptbutreported,engine域「T:SettingsStoreTest」的独立行为：illegalkey命名iskeptbutreported（源用例 illegalKeyNameIsKeptButReported）,用例,engine/settings,illegalKeyNameIsKeptButReported
642,T:SettingsStoreTest#malformed lines are reported not swallowed,engine·malformedlinesarereportednotswallowed,engine域「T:SettingsStoreTest」的独立行为：malformedlinesarereportednotswallowed（源用例 malformedLinesAreReportedNotSwallowed）,用例,engine/settings,malformedLinesAreReportedNotSwallowed
643,T:SettingsStoreTest#duplicate key takes last and reports,engine·重复项keytakeslastandreports,engine域「T:SettingsStoreTest」的独立行为：重复项keytakeslastandreports（源用例 duplicateKeyTakesLastAndReports）,用例,engine/settings,duplicateKeyTakesLastAndReports
644,T:SettingsStoreTest#bad escape stays literal and reports,engine·bad转义staysliteralandreports,engine域「T:SettingsStoreTest」的独立行为：bad转义staysliteralandreports（源用例 badEscapeStaysLiteralAndReports）,用例,engine/settings,badEscapeStaysLiteralAndReports
645,T:SettingsStoreTest#unreadable values fall back to default and report,engine·unreadablevaluesfallbackto默认andreport,engine域「T:SettingsStoreTest」的独立行为：unreadablevaluesfallbackto默认andreport（源用例 unreadableValuesFallBackToDefaultAndReport）,用例,engine/settings,unreadableValuesFallBackToDefaultAndReport
646,T:SettingsStoreTest#out of range int clamps and reports,engine·outofrangeintclampsandreports,engine域「T:SettingsStoreTest」的独立行为：outofrangeintclampsandreports（源用例 outOfRangeIntClampsAndReports）,用例,engine/settings,outOfRangeIntClampsAndReports
647,T:SettingsStoreTest#boolean is lenient on read and canonical on write,engine·booleanislenientonreadandcanonicalonwrite,engine域「T:SettingsStoreTest」的独立行为：booleanislenientonreadandcanonicalonwrite（源用例 booleanIsLenientOnReadAndCanonicalOnWrite）,用例,engine/settings,booleanIsLenientOnReadAndCanonicalOnWrite
648,T:SettingsStoreTest#newer format marker only warns,engine·newer格式化markeronlywarns,engine域「T:SettingsStoreTest」的独立行为：newer格式化markeronlywarns（源用例 newerFormatMarkerOnlyWarns）,用例,engine/settings,newerFormatMarkerOnlyWarns
649,T:SettingsStoreTest#dirty flag and save if dirty avoid idle writes,engine·dirtyflagand保存条件dirtyavoididlewrites,engine域「T:SettingsStoreTest」的独立行为：dirtyflagand保存条件dirtyavoididlewrites（源用例 dirtyFlagAndSaveIfDirtyAvoidIdleWrites）,用例,engine/settings,dirtyFlagAndSaveIfDirtyAvoidIdleWrites
650,T:SettingsStoreTest#remove keys counts only real removals,engine·removekeyscountsonlyrealremovals,engine域「T:SettingsStoreTest」的独立行为：removekeyscountsonlyrealremovals（源用例 removeKeysCountsOnlyRealRemovals）,用例,engine/settings,removeKeysCountsOnlyRealRemovals
651,T:SettingsStoreTest#failed save is never reported as success,engine·failed保存isneverreportedassuccess,engine域「T:SettingsStoreTest」的独立行为：failed保存isneverreportedassuccess（源用例 failedSaveIsNeverReportedAsSuccess）,用例,engine/settings,failedSaveIsNeverReportedAsSuccess
652,T:SettingsStoreTest#drain issues clears accumulated,engine·drainissuesclearsaccumulated,engine域「T:SettingsStoreTest」的独立行为：drainissuesclearsaccumulated（源用例 drainIssuesClearsAccumulated）,用例,engine/settings,drainIssuesClearsAccumulated
653,T:SettingsStoreTest#reload discards unsaved changes,engine·reloaddiscardsunsavedchanges,engine域「T:SettingsStoreTest」的独立行为：reloaddiscardsunsavedchanges（源用例 reloadDiscardsUnsavedChanges）,用例,engine/settings,reloadDiscardsUnsavedChanges
654,T:SettingsStoreTest#illegal key names are rejected at the call site,engine·illegalkeynamesarerejectedatthecallsite,engine域「T:SettingsStoreTest」的独立行为：illegalkeynamesarerejectedatthecallsite（源用例 illegalKeyNamesAreRejectedAtTheCallSite）,用例,engine/settings,illegalKeyNamesAreRejectedAtTheCallSite
655,T:SettingsStoreTest#file backend writes atomically and reads back,engine·文件backendwritesatomicallyandreadsback,engine域「T:SettingsStoreTest」的独立行为：文件backendwritesatomicallyandreadsback（源用例 fileBackendWritesAtomicallyAndReadsBack）,用例,engine/settings,fileBackendWritesAtomicallyAndReadsBack
656,T:SettingsStoreTest#file backend overwrite keeps exactly one good copy,engine·文件backend覆盖keepsexactlyonegoodcopy,engine域「T:SettingsStoreTest」的独立行为：文件backend覆盖keepsexactlyonegoodcopy（源用例 fileBackendOverwriteKeepsExactlyOneGoodCopy）,用例,engine/settings,fileBackendOverwriteKeepsExactlyOneGoodCopy
657,T:SettingsStoreTest#missing file reads as null and occupied path fails loudly,engine·缺失文件readsasnullandoccupied路径failsloudly,engine域「T:SettingsStoreTest」的独立行为：缺失文件readsasnullandoccupied路径failsloudly（源用例 missingFileReadsAsNullAndOccupiedPathFailsLoudly）,用例,engine/settings,missingFileReadsAsNullAndOccupiedPathFailsLoudly
658,T:SessionStoreTest#round trip keeps every character,engine·取整tripkeepseverycharacter,engine域「T:SessionStoreTest」的独立行为：取整tripkeepseverycharacter（源用例 roundTripKeepsEveryCharacter）,用例,engine/store,roundTripKeepsEveryCharacter
659,T:SessionStoreTest#incomplete flag survives reload,engine·incompleteflagsurvivesreload,engine域「T:SessionStoreTest」的独立行为：incompleteflagsurvivesreload（源用例 incompleteFlagSurvivesReload）,用例,engine/store,incompleteFlagSurvivesReload
660,T:SessionStoreTest#error cards stored but never fed,engine·错误cardsstoredbutneverfed,engine域「T:SessionStoreTest」的独立行为：错误cardsstoredbutneverfed（源用例 errorCardsStoredButNeverFed）,用例,engine/store,errorCardsStoredButNeverFed
661,T:SessionStoreTest#feed trims from head and reports count,engine·feedtrimsfromheadandreports计数,engine域「T:SessionStoreTest」的独立行为：feedtrimsfromheadandreports计数（源用例 feedTrimsFromHeadAndReportsCount）,用例,engine/store,feedTrimsFromHeadAndReportsCount
662,T:SessionStoreTest#bad lines are counted not swallowed,engine·badlinesarecountednotswallowed,engine域「T:SessionStoreTest」的独立行为：badlinesarecountednotswallowed（源用例 badLinesAreCountedNotSwallowed）,用例,engine/store,badLinesAreCountedNotSwallowed
663,T:SessionStoreTest#missing head still loads messages and says so,engine·缺失headstillloadsmessagesandsaysso,engine域「T:SessionStoreTest」的独立行为：缺失headstillloadsmessagesandsaysso（源用例 missingHeadStillLoadsMessagesAndSaysSo）,用例,engine/store,missingHeadStillLoadsMessagesAndSaysSo
664,T:SessionStoreTest#create ids never collide even same millisecond,engine·创建idsnevercollideevensamemillisecond,engine域「T:SessionStoreTest」的独立行为：创建idsnevercollideevensamemillisecond（源用例 createIdsNeverCollideEvenSameMillisecond）,用例,engine/store,createIdsNeverCollideEvenSameMillisecond
665,T:SessionStoreTest#rename rewrites head and keeps body,engine·renamerewritesheadandkeeps消息体,engine域「T:SessionStoreTest」的独立行为：renamerewritesheadandkeeps消息体（源用例 renameRewritesHeadAndKeepsBody）,用例,engine/store,renameRewritesHeadAndKeepsBody
666,T:SessionStoreTest#list sorts newest first and counts corrupt files,engine·列表sortsnewestfirstandcountscorruptfiles,engine域「T:SessionStoreTest」的独立行为：列表sortsnewestfirstandcountscorruptfiles（源用例 listSortsNewestFirstAndCountsCorruptFiles）,用例,engine/store,listSortsNewestFirstAndCountsCorruptFiles
667,T:SessionStoreTest#append to unknown session fails loudly not silently,engine·追加tounknownsessionfailsloudlynotsilently,engine域「T:SessionStoreTest」的独立行为：追加tounknownsessionfailsloudlynotsilently（源用例 appendToUnknownSessionFailsLoudlyNotSilently）,用例,engine/store,appendToUnknownSessionFailsLoudlyNotSilently
668,T:SessionStoreTest#weird ids cannot escape directory,engine·weirdidscannot转义directory,engine域「T:SessionStoreTest」的独立行为：weirdidscannot转义directory（源用例 weirdIdsCannotEscapeDirectory）,用例,engine/store,weirdIdsCannotEscapeDirectory
669,T:SessionStoreTest#delete removes the whole session,engine·删除removesthewholesession,engine域「T:SessionStoreTest」的独立行为：删除removesthewholesession（源用例 deleteRemovesTheWholeSession）,用例,engine/store,deleteRemovesTheWholeSession
670,engine.github.GitHubHttpResult#no gate means no pr tools,engine·nogatemeansnoprtools,engine域「GitHubHttpResult」的独立行为：nogatemeansnoprtools（源用例 noGateMeansNoPrTools）,用例,engine/toolcalls,noGateMeansNoPrTools
671,engine.github.GitHubHttpResult#create pr goes through gate and reports verbatim,engine·创建prgoesthroughgateandreportsverbatim,engine域「GitHubHttpResult」的独立行为：创建prgoesthroughgateandreportsverbatim（源用例 createPrGoesThroughGateAndReportsVerbatim）,用例,engine/toolcalls,createPrGoesThroughGateAndReportsVerbatim
672,engine.github.GitHubHttpResult#rejected gate means nothing created,engine·rejectedgatemeansnothingcreated,engine域「GitHubHttpResult」的独立行为：rejectedgatemeansnothingcreated（源用例 rejectedGateMeansNothingCreated）,用例,engine/toolcalls,rejectedGateMeansNothingCreated
673,engine.github.GitHubHttpResult#head equals base is rejected before gate,engine·headequals基址isrejectedbeforegate,engine域「GitHubHttpResult」的独立行为：headequals基址isrejectedbeforegate（源用例 headEqualsBaseIsRejectedBeforeGate）,用例,engine/toolcalls,headEqualsBaseIsRejectedBeforeGate
674,engine.github.GitHubHttpResult#bad ref name is rejected before anything,engine·badref命名isrejectedbeforeanything,engine域「GitHubHttpResult」的独立行为：badref命名isrejectedbeforeanything（源用例 badRefNameIsRejectedBeforeAnything）,用例,engine/toolcalls,badRefNameIsRejectedBeforeAnything
675,engine.github.GitHubHttpResult#merge pr pins sha into request body,engine·合并prpinsSHA哈希intorequest消息体,engine域「GitHubHttpResult」的独立行为：合并prpinsSHA哈希intorequest消息体（源用例 mergePrPinsShaIntoRequestBody）,用例,engine/toolcalls,mergePrPinsShaIntoRequestBody
676,engine.github.GitHubHttpResult#merge with bad sha format is rejected before gate,engine·合并withbadSHA哈希格式化isrejectedbeforegate,engine域「GitHubHttpResult」的独立行为：合并withbadSHA哈希格式化isrejectedbeforegate（源用例 mergeWithBadShaFormatIsRejectedBeforeGate）,用例,engine/toolcalls,mergeWithBadShaFormatIsRejectedBeforeGate
677,engine.github.GitHubHttpResult#provider failure carries verbatim message,engine·providerfailurecarriesverbatim消息,engine域「GitHubHttpResult」的独立行为：providerfailurecarriesverbatim消息（源用例 providerFailureCarriesVerbatimMessage）,用例,engine/toolcalls,providerFailureCarriesVerbatimMessage
678,engine.github.GitHubHttpResult#family registers the read tools only,engine·familyregistersthereadtoolsonly,engine域「GitHubHttpResult」的独立行为：familyregistersthereadtoolsonly（源用例 familyRegistersTheReadToolsOnly）,用例,engine/toolcalls,familyRegistersTheReadToolsOnly
679,engine.github.GitHubHttpResult#list my repos without token stays offline,engine·列表myreposwithout令牌staysoffline,engine域「GitHubHttpResult」的独立行为：列表myreposwithout令牌staysoffline（源用例 listMyReposWithoutTokenStaysOffline）,用例,engine/toolcalls,listMyReposWithoutTokenStaysOffline
680,engine.github.GitHubHttpResult#browse falls back to default repo and sends token,engine·browsefallsbackto默认仓库andsends令牌,engine域「GitHubHttpResult」的独立行为：browsefallsbackto默认仓库andsends令牌（源用例 browseFallsBackToDefaultRepoAndSendsToken）,用例,engine/toolcalls,browseFallsBackToDefaultRepoAndSendsToken
681,engine.github.GitHubHttpResult#browse without repo and without default fails offline,engine·browsewithout仓库andwithout默认failsoffline,engine域「GitHubHttpResult」的独立行为：browsewithout仓库andwithout默认failsoffline（源用例 browseWithoutRepoAndWithoutDefaultFailsOffline）,用例,engine/toolcalls,browseWithoutRepoAndWithoutDefaultFailsOffline
682,engine.github.GitHubHttpResult#read file without path fails offline,engine·read文件without路径failsoffline,engine域「GitHubHttpResult」的独立行为：read文件without路径failsoffline（源用例 readFileWithoutPathFailsOffline）,用例,engine/toolcalls,readFileWithoutPathFailsOffline
683,engine.github.GitHubHttpResult#garbage arguments treated as empty object,engine·garbageargumentstreatedas空值单例,engine域「GitHubHttpResult」的独立行为：garbageargumentstreatedas空值单例（源用例 garbageArgumentsTreatedAsEmptyObject）,用例,engine/toolcalls,garbageArgumentsTreatedAsEmptyObject
684,engine.github.GitHubHttpResult#token is read at execution time not at build time,engine·令牌isreadatexecution时间notat构建时间,engine域「GitHubHttpResult」的独立行为：令牌isreadatexecution时间notat构建时间（源用例 tokenIsReadAtExecutionTimeNotAtBuildTime）,用例,engine/toolcalls,tokenIsReadAtExecutionTimeNotAtBuildTime
685,engine.github.GitHubHttpResult#ci jobs without run id fails offline,engine·cijobswithoutrunidfailsoffline,engine域「GitHubHttpResult」的独立行为：cijobswithoutrunidfailsoffline（源用例 ciJobsWithoutRunIdFailsOffline）,用例,engine/toolcalls,ciJobsWithoutRunIdFailsOffline
686,engine.github.GitHubHttpResult#job log shows truncation out loud,engine·任务日志showstruncationoutloud,engine域「GitHubHttpResult」的独立行为：任务日志showstruncationoutloud（源用例 jobLogShowsTruncationOutLoud）,用例,engine/toolcalls,jobLogShowsTruncationOutLoud
687,engine.github.GitHubHttpResult#search without token stays offline,engine·搜索without令牌staysoffline,engine域「GitHubHttpResult」的独立行为：搜索without令牌staysoffline（源用例 searchWithoutTokenStaysOffline）,用例,engine/toolcalls,searchWithoutTokenStaysOffline
688,engine.github.GitHubHttpResult#search 403 carries quota attribution,engine·搜索403carriesquotaattribution,engine域「GitHubHttpResult」的独立行为：搜索403carriesquotaattribution（源用例 search403CarriesQuotaAttribution）,用例,engine/toolcalls,search403CarriesQuotaAttribution
689,engine.github.GitHubHttpResult#browse counts bad entries out loud,engine·browsecountsbadentriesoutloud,engine域「GitHubHttpResult」的独立行为：browsecountsbadentriesoutloud（源用例 browseCountsBadEntriesOutLoud）,用例,engine/toolcalls,browseCountsBadEntriesOutLoud
690,engine.github.GitHubHttpResult#approved write goes through and reports commit,engine·approvedwritegoesthroughandreportscommit,engine域「GitHubHttpResult」的独立行为：approvedwritegoesthroughandreportscommit（源用例 approvedWriteGoesThroughAndReportsCommit）,用例,engine/toolcalls,approvedWriteGoesThroughAndReportsCommit
691,engine.github.GitHubHttpResult#rejected write touches nothing,engine·rejectedwritetouchesnothing,engine域「GitHubHttpResult」的独立行为：rejectedwritetouchesnothing（源用例 rejectedWriteTouchesNothing）,用例,engine/toolcalls,rejectedWriteTouchesNothing
692,engine.github.GitHubHttpResult#confirmer throw is treated as reject,engine·confirmer抛出istreatedasreject,engine域「GitHubHttpResult」的独立行为：confirmer抛出istreatedasreject（源用例 confirmerThrowIsTreatedAsReject）,用例,engine/toolcalls,confirmerThrowIsTreatedAsReject
693,engine.github.GitHubHttpResult#missing message fails before confirmation,engine·缺失消息failsbeforeconfirmation,engine域「GitHubHttpResult」的独立行为：缺失消息failsbeforeconfirmation（源用例 missingMessageFailsBeforeConfirmation）,用例,engine/toolcalls,missingMessageFailsBeforeConfirmation
694,engine.github.GitHubHttpResult#oversized content refused before confirmation,engine·oversizedcontentrefusedbeforeconfirmation,engine域「GitHubHttpResult」的独立行为：oversizedcontentrefusedbeforeconfirmation（源用例 oversizedContentRefusedBeforeConfirmation）,用例,engine/toolcalls,oversizedContentRefusedBeforeConfirmation
695,engine.github.GitHubHttpResult#missing token fails before confirmation,engine·缺失令牌failsbeforeconfirmation,engine域「GitHubHttpResult」的独立行为：缺失令牌failsbeforeconfirmation（源用例 missingTokenFailsBeforeConfirmation）,用例,engine/toolcalls,missingTokenFailsBeforeConfirmation
696,engine.github.GitHubHttpResult#proposal carries what the chip needs,engine·proposalcarrieswhatthechipneeds,engine域「GitHubHttpResult」的独立行为：proposalcarrieswhatthechipneeds（源用例 proposalCarriesWhatTheChipNeeds）,用例,engine/toolcalls,proposalCarriesWhatTheChipNeeds
697,engine.github.GitHubHttpResult#github conflict error is passed through,engine·githubconflict错误ispassedthrough,engine域「GitHubHttpResult」的独立行为：githubconflict错误ispassedthrough（源用例 githubConflictErrorIsPassedThrough）,用例,engine/toolcalls,githubConflictErrorIsPassedThrough
698,T:ImageGenToolTest#no key means invisible,engine·nokeymeansinvisible,engine域「T:ImageGenToolTest」的独立行为：nokeymeansinvisible（源用例 noKeyMeansInvisible）,用例,engine/toolcalls,noKeyMeansInvisible
699,T:ImageGenToolTest#b 64 path decodes and persists,engine·b64路径decodesandpersists,engine域「T:ImageGenToolTest」的独立行为：b64路径decodesandpersists（源用例 b64PathDecodesAndPersists）,用例,engine/toolcalls,b64PathDecodesAndPersists
700,T:ImageGenToolTest#url path downloads bytes,engine·网址路径downloadsbytes,engine域「T:ImageGenToolTest」的独立行为：网址路径downloadsbytes（源用例 urlPathDownloadsBytes）,用例,engine/toolcalls,urlPathDownloadsBytes
701,T:ImageGenToolTest#error paths speak cleanly,engine·错误pathsspeakcleanly,engine域「T:ImageGenToolTest」的独立行为：错误pathsspeakcleanly（源用例 errorPathsSpeakCleanly）,用例,engine/toolcalls,errorPathsSpeakCleanly
702,T:ImageGenToolTest#gate flips live with config,engine·gateflipslivewithconfig,engine域「T:ImageGenToolTest」的独立行为：gateflipslivewithconfig（源用例 gateFlipsLiveWithConfig）,用例,engine/toolcalls,gateFlipsLiveWithConfig
703,engine.memory.MemoryStore#no store means no tools,engine·no存储meansnotools,engine域「MemoryStore」的独立行为：no存储meansnotools（源用例 noStoreMeansNoTools）,用例,engine/toolcalls,noStoreMeansNoTools
704,engine.memory.MemoryStore#six tools registered with store,engine·sixtoolsregisteredwith存储,engine域「MemoryStore」的独立行为：sixtoolsregisteredwith存储（源用例 sixToolsRegisteredWithStore）,用例,engine/toolcalls,sixToolsRegisteredWithStore
705,engine.memory.MemoryStore#create read list full chain,engine·创建read列表fullchain,engine域「MemoryStore」的独立行为：创建read列表fullchain（源用例 createReadListFullChain）,用例,engine/toolcalls,createReadListFullChain
706,engine.memory.MemoryStore#patch via tool requires unique,engine·补丁viatoolrequiresunique,engine域「MemoryStore」的独立行为：补丁viatoolrequiresunique（源用例 patchViaToolRequiresUnique）,用例,engine/toolcalls,patchViaToolRequiresUnique
707,engine.memory.MemoryStore#active memory append and patch,engine·activememory追加and补丁,engine域「MemoryStore」的独立行为：activememory追加and补丁（源用例 activeMemoryAppendAndPatch）,用例,engine/toolcalls,activeMemoryAppendAndPatch
708,engine.store.SessionStore#no store means no tools,engine·no存储meansnotools,engine域「SessionStore」的独立行为：no存储meansnotools（源用例 noStoreMeansNoTools）,用例,engine/toolcalls,noStoreMeansNoTools
709,engine.store.SessionStore#three tools registered with store,engine·threetoolsregisteredwith存储,engine域「SessionStore」的独立行为：threetoolsregisteredwith存储（源用例 threeToolsRegisteredWithStore）,用例,engine/toolcalls,threeToolsRegisteredWithStore
710,engine.store.SessionStore#search finds and windows across messages,engine·搜索findsandwindowsacrossmessages,engine域「SessionStore」的独立行为：搜索findsandwindowsacrossmessages（源用例 searchFindsAndWindowsAcrossMessages）,用例,engine/toolcalls,searchFindsAndWindowsAcrossMessages
711,engine.store.SessionStore#search and semantics requires all terms,engine·搜索andsemanticsrequiresallterms,engine域「SessionStore」的独立行为：搜索andsemanticsrequiresallterms（源用例 searchAndSemanticsRequiresAllTerms）,用例,engine/toolcalls,searchAndSemanticsRequiresAllTerms
712,engine.store.SessionStore#search no results reports scanned,engine·搜索noresultsreportsscanned,engine域「SessionStore」的独立行为：搜索noresultsreportsscanned（源用例 searchNoResultsReportsScanned）,用例,engine/toolcalls,searchNoResultsReportsScanned
713,engine.store.SessionStore#list orders and paginates,engine·列表ordersandpaginates,engine域「SessionStore」的独立行为：列表ordersandpaginates（源用例 listOrdersAndPaginates）,用例,engine/toolcalls,listOrdersAndPaginates
714,engine.store.SessionStore#read conversation paginates and reports total,engine·readconversationpaginatesandreportstotal,engine域「SessionStore」的独立行为：readconversationpaginatesandreportstotal（源用例 readConversationPaginatesAndReportsTotal）,用例,engine/toolcalls,readConversationPaginatesAndReportsTotal
715,engine.store.SessionStore#read missing conversation fails cleanly,engine·read缺失conversationfailscleanly,engine域「SessionStore」的独立行为：read缺失conversationfailscleanly（源用例 readMissingConversationFailsCleanly）,用例,engine/toolcalls,readMissingConversationFailsCleanly
716,engine.sandbox.ProotSession#readonly tools exist without gate,engine·只读toolsexistwithoutgate,engine域「ProotSession」的独立行为：只读toolsexistwithoutgate（源用例 readonlyToolsExistWithoutGate）,用例,engine/toolcalls,readonlyToolsExistWithoutGate
717,engine.sandbox.ProotSession#write tools exist only with gate and preview shows full command,engine·writetoolsexistonlywithgateandpreviewshowsfullcommand,engine域「ProotSession」的独立行为：writetoolsexistonlywithgateandpreviewshowsfullcommand（源用例 writeToolsExistOnlyWithGateAndPreviewShowsFullCommand）,用例,engine/toolcalls,writeToolsExistOnlyWithGateAndPreviewShowsFullCommand
718,engine.sandbox.ProotSession#rejected gate means nothing happened,engine·rejectedgatemeansnothinghappened,engine域「ProotSession」的独立行为：rejectedgatemeansnothinghappened（源用例 rejectedGateMeansNothingHappened）,用例,engine/toolcalls,rejectedGateMeansNothingHappened
719,engine.sandbox.ProotSession#install via tools runs full verify chain,engine·installviatoolsrunsfullverifychain,engine域「ProotSession」的独立行为：installviatoolsrunsfullverifychain（源用例 installViaToolsRunsFullVerifyChain）,用例,engine/toolcalls,installViaToolsRunsFullVerifyChain
720,engine.memory.MemoryStore#five tools registered,engine·fivetoolsregistered,engine域「MemoryStore」的独立行为：fivetoolsregistered（源用例 fiveToolsRegistered）,用例,engine/toolcalls,fiveToolsRegistered
721,engine.memory.MemoryStore#skill library has no active memory,engine·skilllibraryhasnoactivememory,engine域「MemoryStore」的独立行为：skilllibraryhasnoactivememory（源用例 skillLibraryHasNoActiveMemory）,用例,engine/toolcalls,skillLibraryHasNoActiveMemory
722,engine.memory.MemoryStore#create read edit roundtrip,engine·创建readeditroundtrip,engine域「MemoryStore」的独立行为：创建readeditroundtrip（源用例 createReadEditRoundtrip）,用例,engine/toolcalls,createReadEditRoundtrip
723,engine.memory.MemoryStore#catalog lists names and descriptions only,engine·cataloglistsnamesanddescriptionsonly,engine域「MemoryStore」的独立行为：cataloglistsnamesanddescriptionsonly（源用例 catalogListsNamesAndDescriptionsOnly）,用例,engine/toolcalls,catalogListsNamesAndDescriptionsOnly
724,engine.memory.MemoryStore#empty catalog is empty string,engine·空值catalogis空值字符串,engine域「MemoryStore」的独立行为：空值catalogis空值字符串（源用例 emptyCatalogIsEmptyString）,用例,engine/toolcalls,emptyCatalogIsEmptyString
725,engine.automation.TaskStore#no store means no tools,engine·no存储meansnotools,engine域「TaskStore」的独立行为：no存储meansnotools（源用例 noStoreMeansNoTools）,用例,engine/toolcalls,noStoreMeansNoTools
726,engine.automation.TaskStore#five tools registered,engine·fivetoolsregistered,engine域「TaskStore」的独立行为：fivetoolsregistered（源用例 fiveToolsRegistered）,用例,engine/toolcalls,fiveToolsRegistered
727,engine.automation.TaskStore#create then list shows it,engine·创建then列表showsit,engine域「TaskStore」的独立行为：创建then列表showsit（源用例 createThenListShowsIt）,用例,engine/toolcalls,createThenListShowsIt
728,engine.automation.TaskStore#bad cron rejected at create,engine·badcronrejectedat创建,engine域「TaskStore」的独立行为：badcronrejectedat创建（源用例 badCronRejectedAtCreate）,用例,engine/toolcalls,badCronRejectedAtCreate
729,engine.automation.TaskStore#disable enable delete roundtrip,engine·disableenable删除roundtrip,engine域「TaskStore」的独立行为：disableenable删除roundtrip（源用例 disableEnableDeleteRoundtrip）,用例,engine/toolcalls,disableEnableDeleteRoundtrip
730,engine.automation.TaskStore#missing task fails cleanly,engine·缺失taskfailscleanly,engine域「TaskStore」的独立行为：缺失taskfailscleanly（源用例 missingTaskFailsCleanly）,用例,engine/toolcalls,missingTaskFailsCleanly
731,T:ToolCallAssemblerTest#fragments are glued by index and arguments append,engine·fragmentsaregluedby索引andarguments追加,engine域「T:ToolCallAssemblerTest」的独立行为：fragmentsaregluedby索引andarguments追加（源用例 fragmentsAreGluedByIndexAndArgumentsAppend）,用例,engine/toolcalls,fragmentsAreGluedByIndexAndArgumentsAppend
732,T:ToolCallAssemblerTest#parallel calls stay separate and come back in index order,engine·parallelcallsstayseparateandcomebackin索引排序,engine域「T:ToolCallAssemblerTest」的独立行为：parallelcallsstayseparateandcomebackin索引排序（源用例 parallelCallsStaySeparateAndComeBackInIndexOrder）,用例,engine/toolcalls,parallelCallsStaySeparateAndComeBackInIndexOrder
733,T:ToolCallAssemblerTest#later repeat of name does not overwrite the first,engine·laterrepeatof命名doesnot覆盖thefirst,engine域「T:ToolCallAssemblerTest」的独立行为：laterrepeatof命名doesnot覆盖thefirst（源用例 laterRepeatOfNameDoesNotOverwriteTheFirst）,用例,engine/toolcalls,laterRepeatOfNameDoesNotOverwriteTheFirst
734,T:ToolCallAssemblerTest#non streaming shape without index uses array position,engine·nonstreamingshapewithout索引usesarrayposition,engine域「T:ToolCallAssemblerTest」的独立行为：nonstreamingshapewithout索引usesarrayposition（源用例 nonStreamingShapeWithoutIndexUsesArrayPosition）,用例,engine/toolcalls,nonStreamingShapeWithoutIndexUsesArrayPosition
735,T:ToolCallAssemblerTest#nameless frames are dropped at finish,engine·namelessframesaredroppedatfinish,engine域「T:ToolCallAssemblerTest」的独立行为：namelessframesaredroppedatfinish（源用例 namelessFramesAreDroppedAtFinish）,用例,engine/toolcalls,namelessFramesAreDroppedAtFinish
736,T:ToolCallAssemblerTest#empty arguments become empty object literal,engine·空值argumentsbecome空值单例literal,engine域「T:ToolCallAssemblerTest」的独立行为：空值argumentsbecome空值单例literal（源用例 emptyArgumentsBecomeEmptyObjectLiteral）,用例,engine/toolcalls,emptyArgumentsBecomeEmptyObjectLiteral
737,T:ToolRegistryTest#register and list specs,engine·registerand列表specs,engine域「T:ToolRegistryTest」的独立行为：registerand列表specs（源用例 registerAndListSpecs）,用例,engine/toolcalls,registerAndListSpecs
738,T:ToolRegistryTest#bad name is rejected at register time,engine·bad命名isrejectedatregister时间,engine域「T:ToolRegistryTest」的独立行为：bad命名isrejectedatregister时间（源用例 badNameIsRejectedAtRegisterTime）,用例,engine/toolcalls,badNameIsRejectedAtRegisterTime
739,T:ToolRegistryTest#unknown tool gets a voice not an exception,engine·unknowntoolgetsavoicenotanexception,engine域「T:ToolRegistryTest」的独立行为：unknowntoolgetsavoicenotanexception（源用例 unknownToolGetsAVoiceNotAnException）,用例,engine/toolcalls,unknownToolGetsAVoiceNotAnException
740,T:ToolRegistryTest#handler exception becomes failure text,engine·handlerexceptionbecomesfailuretext,engine域「T:ToolRegistryTest」的独立行为：handlerexceptionbecomesfailuretext（源用例 handlerExceptionBecomesFailureText）,用例,engine/toolcalls,handlerExceptionBecomesFailureText
741,T:ToolRegistryTest#handler receives raw arguments,engine·handlerreceivesrawarguments,engine域「T:ToolRegistryTest」的独立行为：handlerreceivesrawarguments（源用例 handlerReceivesRawArguments）,用例,engine/toolcalls,handlerReceivesRawArguments
742,T:ToolRegistryTest#trimmer caps long results with an account,engine·trimmercaps超长resultswithanaccount,engine域「T:ToolRegistryTest」的独立行为：trimmercaps超长resultswithanaccount（源用例 trimmerCapsLongResultsWithAnAccount）,用例,engine/toolcalls,trimmerCapsLongResultsWithAnAccount
743,T:ToolRegistryTest#trimmer leaves short results untouched,engine·trimmerleavesshortresultsuntouched,engine域「T:ToolRegistryTest」的独立行为：trimmerleavesshortresultsuntouched（源用例 trimmerLeavesShortResultsUntouched）,用例,engine/toolcalls,trimmerLeavesShortResultsUntouched
744,engine.api.LineSink#gated by eye model,engine·gatedbyeyemodel,engine域「LineSink」的独立行为：gatedbyeyemodel（源用例 gatedByEyeModel）,用例,engine/toolcalls,gatedByEyeModel
745,engine.api.LineSink#list videos reads manifests,engine·列表videosreadsmanifests,engine域「LineSink」的独立行为：列表videosreadsmanifests（源用例 listVideosReadsManifests）,用例,engine/toolcalls,listVideosReadsManifests
746,engine.api.LineSink#list empty library says so,engine·列表空值librarysaysso,engine域「LineSink」的独立行为：列表空值librarysaysso（源用例 listEmptyLibrarySaysSo）,用例,engine/toolcalls,listEmptyLibrarySaysSo
747,engine.api.LineSink#watch returns text summary,engine·watchreturnstextsummary,engine域「LineSink」的独立行为：watchreturnstextsummary（源用例 watchReturnsTextSummary）,用例,engine/toolcalls,watchReturnsTextSummary
748,engine.api.LineSink#watch unknown name lists what exists,engine·watchunknown命名listswhatexists,engine域「LineSink」的独立行为：watchunknown命名listswhatexists（源用例 watchUnknownNameListsWhatExists）,用例,engine/toolcalls,watchUnknownNameListsWhatExists
749,engine.api.LineSink#watch batch failure still returns notes,engine·watch批量failurestillreturnsnotes,engine域「LineSink」的独立行为：watch批量failurestillreturnsnotes（源用例 watchBatchFailureStillReturnsNotes）,用例,engine/toolcalls,watchBatchFailureStillReturnsNotes
750,engine.api.LineSink#watch summary failure still returns notes,engine·watchsummaryfailurestillreturnsnotes,engine域「LineSink」的独立行为：watchsummaryfailurestillreturnsnotes（源用例 watchSummaryFailureStillReturnsNotes）,用例,engine/toolcalls,watchSummaryFailureStillReturnsNotes
751,engine.api.LineSink#missing frame files skipped not fatal,engine·缺失framefilesskippednotfatal,engine域「LineSink」的独立行为：缺失framefilesskippednotfatal（源用例 missingFrameFilesSkippedNotFatal）,用例,engine/toolcalls,missingFrameFilesSkippedNotFatal
752,engine.search.WebSearchClient#two tools registered,engine·twotoolsregistered,engine域「WebSearchClient」的独立行为：twotoolsregistered（源用例 twoToolsRegistered）,用例,engine/toolcalls,twoToolsRegistered
753,engine.search.WebSearchClient#search parses and caps,engine·搜索parsesandcaps,engine域「WebSearchClient」的独立行为：搜索parsesandcaps（源用例 searchParsesAndCaps）,用例,engine/toolcalls,searchParsesAndCaps
754,engine.search.WebSearchClient#fetch extracts text and truncation accounting,engine·fetchextractstextandtruncationaccounting,engine域「WebSearchClient」的独立行为：fetchextractstextandtruncationaccounting（源用例 fetchExtractsTextAndTruncationAccounting）,用例,engine/toolcalls,fetchExtractsTextAndTruncationAccounting
755,engine.search.WebSearchClient#fetch rejects non http and reports errors,engine·fetchrejectsnonhttpandreportserrors,engine域「WebSearchClient」的独立行为：fetchrejectsnonhttpandreportserrors（源用例 fetchRejectsNonHttpAndReportsErrors）,用例,engine/toolcalls,fetchRejectsNonHttpAndReportsErrors
756,engine.search.WebSearchClient#visibility gate hides from specs and blocks execute,engine·visibilitygatehidesfromspecsandblocksexecute,engine域「WebSearchClient」的独立行为：visibilitygatehidesfromspecsandblocksexecute（源用例 visibilityGateHidesFromSpecsAndBlocksExecute）,用例,engine/toolcalls,visibilityGateHidesFromSpecsAndBlocksExecute
757,engine.search.WebSearchClient#entity decoding covers named and numeric,engine·实体decodingcovers命名参数andnumeric,engine域「WebSearchClient」的独立行为：实体decodingcovers命名参数andnumeric（源用例 entityDecodingCoversNamedAndNumeric）,用例,engine/toolcalls,entityDecodingCoversNamedAndNumeric
758,T:FileAdmissionTest#file admission rejects only hard facts,engine·文件admissionrejectsonlyhardfacts,engine域「T:FileAdmissionTest」的独立行为：文件admissionrejectsonlyhardfacts（源用例 fileAdmissionRejectsOnlyHardFacts）,用例,engine/transfer,fileAdmissionRejectsOnlyHardFacts
759,T:FileAdmissionTest#every weird name is admitted,engine·everyweird命名isadmitted,engine域「T:FileAdmissionTest」的独立行为：everyweird命名isadmitted（源用例 everyWeirdNameIsAdmitted）,用例,engine/transfer,everyWeirdNameIsAdmitted
760,T:FileAdmissionTest#zero byte and huge files are both fine,engine·zerobyteandhugefilesarebothfine,engine域「T:FileAdmissionTest」的独立行为：zerobyteandhugefilesarebothfine（源用例 zeroByteAndHugeFilesAreBothFine）,用例,engine/transfer,zeroByteAndHugeFilesAreBothFine
761,T:FileAdmissionTest#unknown size is never treated as too large,engine·unknown大小isnevertreatedastoolarge,engine域「T:FileAdmissionTest」的独立行为：unknown大小isnevertreatedastoolarge（源用例 unknownSizeIsNeverTreatedAsTooLarge）,用例,engine/transfer,unknownSizeIsNeverTreatedAsTooLarge
762,T:FileAdmissionTest#explicit per file limit is honored and said loudly,engine·explicitper文件上限ishonoredandsaidloudly,engine域「T:FileAdmissionTest」的独立行为：explicitper文件上限ishonoredandsaidloudly（源用例 explicitPerFileLimitIsHonoredAndSaidLoudly）,用例,engine/transfer,explicitPerFileLimitIsHonoredAndSaidLoudly
763,T:FileAdmissionTest#unreadable and outside grant come back with paths,engine·unreadableandoutsidegrantcomebackwithpaths,engine域「T:FileAdmissionTest」的独立行为：unreadableandoutsidegrantcomebackwithpaths（源用例 unreadableAndOutsideGrantComeBackWithPaths）,用例,engine/transfer,unreadableAndOutsideGrantComeBackWithPaths
764,T:FileAdmissionTest#names that cannot go into an archive are rejected,engine·namesthatcannotgointoanarchivearerejected,engine域「T:FileAdmissionTest」的独立行为：namesthatcannotgointoanarchivearerejected（源用例 namesThatCannotGoIntoAnArchiveAreRejected）,用例,engine/transfer,namesThatCannotGoIntoAnArchiveAreRejected
765,T:FileAdmissionTest#collect reports every candidate and never lies,engine·collectreportseverycandidateandneverlies,engine域「T:FileAdmissionTest」的独立行为：collectreportseverycandidateandneverlies（源用例 collectReportsEveryCandidateAndNeverLies）,用例,engine/transfer,collectReportsEveryCandidateAndNeverLies
766,T:FileAdmissionTest#directories are not silently vanishing,engine·directoriesarenotsilentlyvanishing,engine域「T:FileAdmissionTest」的独立行为：directoriesarenotsilentlyvanishing（源用例 directoriesAreNotSilentlyVanishing）,用例,engine/transfer,directoriesAreNotSilentlyVanishing
767,T:FileAdmissionTest#batch limit drops only what does not fit and names it,engine·批量上限dropsonlywhatdoesnotfitandnamesit,engine域「T:FileAdmissionTest」的独立行为：批量上限dropsonlywhatdoesnotfitandnamesit（源用例 batchLimitDropsOnlyWhatDoesNotFitAndNamesIt）,用例,engine/transfer,batchLimitDropsOnlyWhatDoesNotFitAndNamesIt
768,T:FileAdmissionTest#unknown sizes never trip the batch limit but mark estimate,engine·unknownsizesnevertripthe批量上限butmarkestimate,engine域「T:FileAdmissionTest」的独立行为：unknownsizesnevertripthe批量上限butmarkestimate（源用例 unknownSizesNeverTripTheBatchLimitButMarkEstimate）,用例,engine/transfer,unknownSizesNeverTripTheBatchLimitButMarkEstimate
769,T:FileAdmissionTest#symlinks are admitted and counted,engine·symlinksareadmittedandcounted,engine域「T:FileAdmissionTest」的独立行为：symlinksareadmittedandcounted（源用例 symlinksAreAdmittedAndCounted）,用例,engine/transfer,symlinksAreAdmittedAndCounted
770,T:FileAdmissionTest#limits must be sane numbers,engine·limitsmustbesanenumbers,engine域「T:FileAdmissionTest」的独立行为：limitsmustbesanenumbers（源用例 limitsMustBeSaneNumbers）,用例,engine/transfer,limitsMustBeSaneNumbers
771,T:FileAdmissionTest#empty batch is not an error,engine·空值批量isnotan错误,engine域「T:FileAdmissionTest」的独立行为：空值批量isnotan错误（源用例 emptyBatchIsNotAnError）,用例,engine/transfer,emptyBatchIsNotAnError
772,engine.io.streamingCopy#empty batch fails fast,engine·空值批量failsfast,engine域「streamingCopy」的独立行为：空值批量failsfast（源用例 emptyBatchFailsFast）,用例,engine/transfer,emptyBatchFailsFast
773,engine.io.streamingCopy#prefix must end with slash,engine·prefixmustendwithslash,engine域「streamingCopy」的独立行为：prefixmustendwithslash（源用例 prefixMustEndWithSlash）,用例,engine/transfer,prefixMustEndWithSlash
774,engine.io.streamingCopy#small batch is one volume plus manifest,engine·small批量isonevolumeplus清单,engine域「streamingCopy」的独立行为：small批量isonevolumeplus清单（源用例 smallBatchIsOneVolumePlusManifest）,用例,engine/transfer,smallBatchIsOneVolumePlusManifest
775,engine.io.streamingCopy#volumes split on file boundaries,engine·volumes拆分on文件boundaries,engine域「streamingCopy」的独立行为：volumes拆分on文件boundaries（源用例 volumesSplitOnFileBoundaries）,用例,engine/transfer,volumesSplitOnFileBoundaries
776,engine.io.streamingCopy#big file gets its own volume without splitting,engine·big文件getsitsownvolumewithoutsplitting,engine域「streamingCopy」的独立行为：big文件getsitsownvolumewithoutsplitting（源用例 bigFileGetsItsOwnVolumeWithoutSplitting）,用例,engine/transfer,bigFileGetsItsOwnVolumeWithoutSplitting
777,engine.io.streamingCopy#volume upload retries then stops on success,engine·volume上传retriesthenstopsonsuccess,engine域「streamingCopy」的独立行为：volume上传retriesthenstopsonsuccess（源用例 volumeUploadRetriesThenStopsOnSuccess）,用例,engine/transfer,volumeUploadRetriesThenStopsOnSuccess
778,engine.io.streamingCopy#retries exhausted fails naming the volume,engine·retriesexhaustedfailsnamingthevolume,engine域「streamingCopy」的独立行为：retriesexhaustedfailsnamingthevolume（源用例 retriesExhaustedFailsNamingTheVolume）,用例,engine/transfer,retriesExhaustedFailsNamingTheVolume
779,engine.io.streamingCopy#too many volumes is rejected up front,engine·toomanyvolumesisrejectedupfront,engine域「streamingCopy」的独立行为：toomanyvolumesisrejectedupfront（源用例 tooManyVolumesIsRejectedUpFront）,用例,engine/transfer,tooManyVolumesIsRejectedUpFront
780,engine.io.streamingCopy#manifest failure says data volumes are safe,engine·清单failuresays数据类volumesare安全,engine域「streamingCopy」的独立行为：清单failuresays数据类volumesare安全（源用例 manifestFailureSaysDataVolumesAreSafe）,用例,engine/transfer,manifestFailureSaysDataVolumesAreSafe
781,engine.io.streamingCopy#duplicate entry names inside one volume do not crash,engine·重复项条目namesinsideonevolumedonotcrash,engine域「streamingCopy」的独立行为：重复项条目namesinsideonevolumedonotcrash（源用例 duplicateEntryNamesInsideOneVolumeDoNotCrash）,用例,engine/transfer,duplicateEntryNamesInsideOneVolumeDoNotCrash
782,engine.api.LineSink#youtube allowed,engine·youtubeallowed,engine域「LineSink」的独立行为：youtubeallowed（源用例 youtubeAllowed）,用例,engine/vision,youtubeAllowed
783,engine.api.LineSink#direct file allowed,engine·direct文件allowed,engine域「LineSink」的独立行为：direct文件allowed（源用例 directFileAllowed）,用例,engine/vision,directFileAllowed
784,engine.api.LineSink#internal and metadata rejected,engine·internalandmetadatarejected,engine域「LineSink」的独立行为：internalandmetadatarejected（源用例 internalAndMetadataRejected）,用例,engine/vision,internalAndMetadataRejected
785,engine.api.LineSink#web pages and platform pages rejected,engine·webpagesandplatformpagesrejected,engine域「LineSink」的独立行为：webpagesandplatformpagesrejected（源用例 webPagesAndPlatformPagesRejected）,用例,engine/vision,webPagesAndPlatformPagesRejected
786,engine.api.LineSink#video url request gemini only,engine·video网址requestgeminionly,engine域「LineSink」的独立行为：video网址requestgeminionly（源用例 videoUrlRequestGeminiOnly）,用例,engine/vision,videoUrlRequestGeminiOnly
787,engine.api.LineSink#exec video url fails cleanly on non gemini,engine·execvideo网址failscleanlyonnongemini,engine域「LineSink」的独立行为：execvideo网址failscleanlyonnongemini（源用例 execVideoUrlFailsCleanlyOnNonGemini）,用例,engine/vision,execVideoUrlFailsCleanlyOnNonGemini
788,engine.api.LineSink#exec video url parses gemini reply,engine·execvideo网址parsesgeminireply,engine域「LineSink」的独立行为：execvideo网址parsesgeminireply（源用例 execVideoUrlParsesGeminiReply）,用例,engine/vision,execVideoUrlParsesGeminiReply
789,engine.api.LineSink#open ai body shape,engine·打开ai消息体shape,engine域「LineSink」的独立行为：打开ai消息体shape（源用例 openAiBodyShape）,用例,engine/vision,openAiBodyShape
790,engine.api.LineSink#gemini body shape,engine·gemini消息体shape,engine域「LineSink」的独立行为：gemini消息体shape（源用例 geminiBodyShape）,用例,engine/vision,geminiBodyShape
791,engine.api.LineSink#anthropic body shape,engine·anthropic消息体shape,engine域「LineSink」的独立行为：anthropic消息体shape（源用例 anthropicBodyShape）,用例,engine/vision,anthropicBodyShape
792,engine.api.LineSink#ollama refuses vision,engine·ollamarefusesvision,engine域「LineSink」的独立行为：ollamarefusesvision（源用例 ollamaRefusesVision）,用例,engine/vision,ollamaRefusesVision
793,engine.api.LineSink#empty images builds null,engine·空值imagesbuildsnull,engine域「LineSink」的独立行为：空值imagesbuildsnull（源用例 emptyImagesBuildsNull）,用例,engine/vision,emptyImagesBuildsNull
794,engine.api.LineSink#extract text three shapes,engine·extracttextthreeshapes,engine域「LineSink」的独立行为：extracttextthreeshapes（源用例 extractTextThreeShapes）,用例,engine/vision,extractTextThreeShapes
795,engine.api.LineSink#extract text garbage is empty,engine·extracttextgarbageis空值,engine域「LineSink」的独立行为：extracttextgarbageis空值（源用例 extractTextGarbageIsEmpty）,用例,engine/vision,extractTextGarbageIsEmpty
796,engine.api.LineSink#extract error message,engine·extract错误消息,engine域「LineSink」的独立行为：extract错误消息（源用例 extractErrorMessage）,用例,engine/vision,extractErrorMessage
797,engine.api.LineSink#frame times evenly spread,engine·frametimesevenlyspread,engine域「LineSink」的独立行为：frametimesevenlyspread（源用例 frameTimesEvenlySpread）,用例,engine/vision,frameTimesEvenlySpread
798,engine.api.LineSink#frame times short video,engine·frametimesshortvideo,engine域「LineSink」的独立行为：frametimesshortvideo（源用例 frameTimesShortVideo）,用例,engine/vision,frameTimesShortVideo
799,engine.api.LineSink#batches chunk by four,engine·batches分块byfour,engine域「LineSink」的独立行为：batches分块byfour（源用例 batchesChunkByFour）,用例,engine/vision,batchesChunkByFour
800,engine.api.LineSink#prompts carry context and honesty rules,engine·promptscarrycontextandhonestyrules,engine域「LineSink」的独立行为：promptscarrycontextandhonestyrules（源用例 promptsCarryContextAndHonestyRules）,用例,engine/vision,promptsCarryContextAndHonestyRules
801,engine.api.LineSink#exec ok path,engine·execok路径,engine域「LineSink」的独立行为：execok路径（源用例 execOkPath）,用例,engine/vision,execOkPath
802,engine.api.LineSink#exec error path carries detail,engine·exec错误路径carriesdetail,engine域「LineSink」的独立行为：exec错误路径carriesdetail（源用例 execErrorPathCarriesDetail）,用例,engine/vision,execErrorPathCarriesDetail
803,engine.api.LineSink#exec ollama fails cleanly,engine·execollamafailscleanly,engine域「LineSink」的独立行为：execollamafailscleanly（源用例 execOllamaFailsCleanly）,用例,engine/vision,execOllamaFailsCleanly
804,engine.api.LineSink#exec text summary has no image,engine·exectextsummaryhasnoimage,engine域「LineSink」的独立行为：exectextsummaryhasnoimage（源用例 execTextSummaryHasNoImage）,用例,engine/vision,execTextSummaryHasNoImage
805,生成参数页实装·修摆设,设置「生成参数」页真滑块/真选项组（温度0-2步进0.1、top_p、历史条数），温度/top_p 首次接进聊天请求体；替换 Slider(label=...) 字面量演示,实装,app/settings,PR#78 804后
806,外观页主色切换·修摆设,主色四档（蓝青紫橙）落盘即切全界面；亮色单主题钉死（用户拍板无暗色）；Accent 响应式改造 58 引用零改动,实装,app/theme,PR#79
807,关于页实装·修摆设,AboutCard 真卡：版本真值/检查更新真调 releases/latest/提issue真intent/开源许可弹层；崩溃留档开关全链（CrashObserver.keepLocal 内存门）,实装,app/settings,PR#84
808,记忆页实装·修摆设,MemoryCard：memory_db 真统计+活动记忆原文+带确认删除（deleteFile 连 meta 清）,实装,app/settings,PR#85
809,Actions监视页实装·修摆设,CiRunsCard：真调 GitHubCiClient.latestRuns 最近5条红绿；与后台通知双通道,实装,app/settings,PR#86
810,定时任务页实装·修摆设,TaskStore 真任务表+TaskWorker（15min节拍到点开新会话发提示词，runLog 50条）+TasksCard 新建/启停/确认删除,实装,app/tasks,PR#92
811,会话循环页实装·修摆设,LoopController 真调度（ChatRuntime.onSettled 驱动/按停还控制权/换会话清零）+循环条真读态+LoopCard；排队条诚实化,实装,app/loop,PR#93
812,报告页三件套实装,数据分析（AI严格JSON+Canvas折线图）/汇报文档（Markdown渲染）/PPT大纲（页卡翻页）；NavTab 第六页+一次性chat通路,实装,app/reports,PR#94
813,代理页实装·修摆设,ProxyCard：类型/地址/端口真存盘当场 installProxy（AI+GitHub API 出网口）；观测桥不经此口,实装,app/settings+engine/api,PR#95
814,对话搜索页实装·修摆设,关键词逐会话搜+点行切会话；空库空词安静返回,实装,app/settings,PR#96
815,图像转述页实装·修摆设,选图真调视觉模型（VisionTurns三协议）；三护栏：无模型明示/全链runCatching/4MB上限,实装,app/settings,PR#97
816,二进制审计页实装·修摆设,复用工具页 ApkCheckCard 真组件（ApkInspector 引擎）,实装,app/settings,PR#98
817,模型选择去硬编码,撤 DEFAULT_MODEL（无钥匙的默认=摆设）；视觉/图像生成页换已接入模型点选卡；清假模型清单,实装,app+engine,PR#99
818,摆设清剿收官·撤三页,撤最后三页无后端演示页（语音转写/多智能体接力/Claude导入）；清 relayOn 摆设布尔与图标资源；24 设置页全真实,撤页,app/settings,PR#100
